product_id,product_name,category,quantity,unit_price,supplier_id,warehouse_location,last_updated,stock_status,total_value
P0001,Product 1,Books,460,278.74,39,A1,2024-01-01 00:00:00,Low Stock,128220.40000000001
P0002,Product 2,Home,356,300.75,13,C1,2024-01-01 01:00:00,In Stock,107067.0
P0003,Product 3,Food,324,393.0,11,C2,2024-01-01 02:00:00,Low Stock,127332.0
P0004,Product 4,Home,133,243.05,46,C2,2024-01-01 03:00:00,Low Stock,32325.65
P0005,Product 5,Home,888,25.17,19,B2,2024-01-01 04:00:00,In Stock,22350.960000000003
P0006,Product 6,Clothing,805,86.18,11,B2,2024-01-01 05:00:00,In Stock,69374.90000000001
P0007,Product 7,Food,840,222.11,13,C1,2024-01-01 06:00:00,Low Stock,186572.40000000002
P0008,Product 8,Food,127,363.79,46,B1,2024-01-01 07:00:00,Low Stock,46201.33
P0009,Product 9,Food,106,298.67,45,A1,2024-01-01 08:00:00,In Stock,31659.02
P0010,Product 10,Home,604,326.9,1,A1,2024-01-01 09:00:00,Low Stock,197447.59999999998
P0011,Product 11,Books,799,242.24,40,B2,2024-01-01 10:00:00,In Stock,193549.76
P0012,Product 12,Food,378,309.79,44,C1,2024-01-01 11:00:00,Low Stock,117100.62000000001
P0013,Product 13,Home,905,167.86,19,A1,2024-01-01 12:00:00,Low Stock,151913.30000000002
P0014,Product 14,Clothing,51,237.74,12,A1,2024-01-01 13:00:00,In Stock,12124.74
P0015,Product 15,Books,29,373.42,8,B1,2024-01-01 14:00:00,Low Stock,10829.18
P0016,Product 16,Clothing,462,436.56,8,A2,2024-01-01 15:00:00,In Stock,201690.72
P0017,Product 17,Books,296,219.66,45,B2,2024-01-01 16:00:00,In Stock,65019.36
P0018,Product 18,Home,297,26.61,12,B2,2024-01-01 17:00:00,Low Stock,7903.17
P0019,Product 19,Electronics,726,85.03,48,A2,2024-01-01 18:00:00,In Stock,61731.78
P0020,Product 20,Books,779,15.33,33,A1,2024-01-01 19:00:00,In Stock,11942.07
P0021,Product 21,Clothing,407,328.37,45,B1,2024-01-01 20:00:00,In Stock,133646.59
P0022,Product 22,Home,769,169.5,26,B1,2024-01-01 21:00:00,In Stock,130345.5
P0023,Product 23,Books,814,273.53,39,B2,2024-01-01 22:00:00,In Stock,222653.41999999998
P0024,Product 24,Electronics,613,249.17,28,B1,2024-01-01 23:00:00,Low Stock,152741.21
P0025,Product 25,Electronics,405,45.36,5,C2,2024-01-02 00:00:00,In Stock,18370.8
P0026,Product 26,Food,346,204.61,8,A2,2024-01-02 01:00:00,In Stock,70795.06
P0027,Product 27,Food,622,114.18,25,A1,2024-01-02 02:00:00,In Stock,71019.96
P0028,Product 28,Clothing,420,212.11,27,C2,2024-01-02 03:00:00,Low Stock,89086.20000000001
P0029,Product 29,Books,182,105.77,46,A2,2024-01-02 04:00:00,Low Stock,19250.14
P0030,Product 30,Books,983,421.02,23,C1,2024-01-02 05:00:00,Out of Stock,413862.66
P0031,Product 31,Food,825,91.23,30,B2,2024-01-02 06:00:00,Low Stock,75264.75
P0032,Product 32,Books,1,480.59,45,B1,2024-01-02 07:00:00,Low Stock,480.59
P0033,Product 33,Books,831,210.87,47,C1,2024-01-02 08:00:00,In Stock,175232.97
P0034,Product 34,Electronics,950,423.89,23,B1,2024-01-02 09:00:00,In Stock,402695.5
P0035,Product 35,Food,567,316.24,49,C2,2024-01-02 10:00:00,In Stock,179308.08000000002
P0036,Product 36,Home,371,369.0,47,A1,2024-01-02 11:00:00,Low Stock,136899.0
P0037,Product 37,Food,936,385.02,20,A1,2024-01-02 12:00:00,Low Stock,360378.72
P0038,Product 38,Home,911,254.9,18,A1,2024-01-02 13:00:00,In Stock,232213.9
P0039,Product 39,Electronics,661,273.93,18,B1,2024-01-02 14:00:00,Low Stock,181067.73
P0040,Product 40,Clothing,431,259.43,2,C1,2024-01-02 15:00:00,In Stock,111814.33
P0041,Product 41,Books,969,296.09,4,A1,2024-01-02 16:00:00,In Stock,286911.20999999996
P0042,Product 42,Electronics,309,19.55,30,C1,2024-01-02 17:00:00,In Stock,6040.95
P0043,Product 43,Books,137,200.78,33,B1,2024-01-02 18:00:00,In Stock,27506.86
P0044,Product 44,Clothing,202,305.06,36,C2,2024-01-02 19:00:00,In Stock,61622.12
P0045,Product 45,Clothing,436,300.87,18,C1,2024-01-02 20:00:00,In Stock,131179.32
P0046,Product 46,Electronics,313,397.51,37,C2,2024-01-02 21:00:00,In Stock,124420.62999999999
P0047,Product 47,Clothing,117,329.23,19,B1,2024-01-02 22:00:00,In Stock,38519.91
P0048,Product 48,Home,666,496.11,47,B1,2024-01-02 23:00:00,Low Stock,330409.26
P0049,Product 49,Clothing,937,145.51,28,B2,2024-01-03 00:00:00,Low Stock,136342.87
P0050,Product 50,Books,803,182.78,40,B1,2024-01-03 01:00:00,Low Stock,146772.34
P0051,Product 51,Books,575,195.0,20,B1,2024-01-03 02:00:00,In Stock,112125.0
P0052,Product 52,Books,244,235.58,49,A2,2024-01-03 03:00:00,In Stock,57481.520000000004
P0053,Product 53,Books,537,418.82,33,A1,2024-01-03 04:00:00,Low Stock,224906.34
P0054,Product 54,Home,602,121.72,12,B2,2024-01-03 05:00:00,In Stock,73275.44
P0055,Product 55,Food,75,389.12,15,B2,2024-01-03 06:00:00,In Stock,29184.0
P0056,Product 56,Electronics,806,205.63,41,B2,2024-01-03 07:00:00,In Stock,165737.78
P0057,Product 57,Books,386,302.92,39,A2,2024-01-03 08:00:00,In Stock,116927.12000000001
P0058,Product 58,Clothing,903,318.11,2,C2,2024-01-03 09:00:00,In Stock,287253.33
P0059,Product 59,Books,210,189.56,29,B1,2024-01-03 10:00:00,In Stock,39807.6
P0060,Product 60,Clothing,475,258.74,41,A1,2024-01-03 11:00:00,In Stock,122901.5
P0061,Product 61,Clothing,418,209.45,10,C1,2024-01-03 12:00:00,In Stock,87550.09999999999
P0062,Product 62,Books,347,39.22,2,C2,2024-01-03 13:00:00,In Stock,13609.34
P0063,Product 63,Home,529,221.4,11,B1,2024-01-03 14:00:00,In Stock,117120.6
P0064,Product 64,Clothing,640,53.21,13,A2,2024-01-03 15:00:00,In Stock,34054.4
P0065,Product 65,Clothing,939,205.49,10,B1,2024-01-03 16:00:00,In Stock,192955.11000000002
P0066,Product 66,Books,955,298.49,14,B1,2024-01-03 17:00:00,In Stock,285057.95
P0067,Product 67,Clothing,876,291.81,18,A2,2024-01-03 18:00:00,In Stock,255625.56
P0068,Product 68,Clothing,763,333.0,9,B2,2024-01-03 19:00:00,In Stock,254079.0
P0069,Product 69,Books,179,52.15,39,B2,2024-01-03 20:00:00,In Stock,9334.85
P0070,Product 70,Books,182,327.8,28,A1,2024-01-03 21:00:00,In Stock,59659.6
P0071,Product 71,Electronics,664,159.51,3,A1,2024-01-03 22:00:00,Low Stock,105914.64
P0072,Product 72,Home,25,202.53,20,B2,2024-01-03 23:00:00,In Stock,5063.25
P0073,Product 73,Home,967,429.7,6,C2,2024-01-04 00:00:00,In Stock,415519.89999999997
P0074,Product 74,Clothing,180,9.47,27,C1,2024-01-04 01:00:00,In Stock,1704.6000000000001
P0075,Product 75,Home,710,296.26,2,B1,2024-01-04 02:00:00,In Stock,210344.6
P0076,Product 76,Clothing,501,301.36,29,C1,2024-01-04 03:00:00,In Stock,150981.36000000002
P0077,Product 77,Electronics,856,201.35,38,B1,2024-01-04 04:00:00,In Stock,172355.6
P0078,Product 78,Books,161,122.33,3,B2,2024-01-04 05:00:00,Low Stock,19695.13
P0079,Product 79,Books,177,121.16,16,A1,2024-01-04 06:00:00,In Stock,21445.32
P0080,Product 80,Books,285,442.44,30,C2,2024-01-04 07:00:00,In Stock,126095.4
P0081,Product 81,Home,63,223.8,40,A1,2024-01-04 08:00:00,In Stock,14099.400000000001
P0082,Product 82,Electronics,662,168.79,2,C1,2024-01-04 09:00:00,Low Stock,111738.98
P0083,Product 83,Home,666,227.14,17,A1,2024-01-04 10:00:00,In Stock,151275.24
P0084,Product 84,Home,156,336.35,41,B2,2024-01-04 11:00:00,Out of Stock,52470.600000000006
P0085,Product 85,Electronics,882,77.15,12,C2,2024-01-04 12:00:00,In Stock,68046.3
P0086,Product 86,Electronics,469,227.47,35,C1,2024-01-04 13:00:00,Out of Stock,106683.43
P0087,Product 87,Electronics,49,296.0,43,C2,2024-01-04 14:00:00,Low Stock,14504.0
P0088,Product 88,Electronics,967,474.55,1,B1,2024-01-04 15:00:00,In Stock,458889.85000000003
P0089,Product 89,Books,849,130.0,45,A1,2024-01-04 16:00:00,In Stock,110370.0
P0090,Product 90,Food,84,182.83,15,C2,2024-01-04 17:00:00,In Stock,15357.720000000001
P0091,Product 91,Food,361,192.78,26,A2,2024-01-04 18:00:00,In Stock,69593.58
P0092,Product 92,Electronics,689,304.74,37,A1,2024-01-04 19:00:00,Low Stock,209965.86000000002
P0093,Product 93,Food,148,181.58,21,B1,2024-01-04 20:00:00,In Stock,26873.84
P0094,Product 94,Food,630,269.09,49,C2,2024-01-04 21:00:00,In Stock,169526.69999999998
P0095,Product 95,Electronics,342,391.99,31,C1,2024-01-04 22:00:00,In Stock,134060.58000000002
P0096,Product 96,Food,476,354.17,25,B1,2024-01-04 23:00:00,Low Stock,168584.92
P0097,Product 97,Home,63,225.95,23,A2,2024-01-05 00:00:00,In Stock,14234.849999999999
P0098,Product 98,Clothing,701,432.79,24,C2,2024-01-05 01:00:00,In Stock,303385.79000000004
P0099,Product 99,Clothing,360,281.28,38,B2,2024-01-05 02:00:00,In Stock,101260.79999999999
P0100,Product 100,Electronics,561,272.25,28,A1,2024-01-05 03:00:00,Low Stock,152732.25
P0101,Product 101,Books,327,21.92,21,C1,2024-01-05 04:00:00,In Stock,7167.84
P0102,Product 102,Electronics,769,493.41,43,B2,2024-01-05 05:00:00,In Stock,379432.29000000004
P0103,Product 103,Books,736,65.87,18,C2,2024-01-05 06:00:00,In Stock,48480.32000000001
P0104,Product 104,Clothing,141,119.41,36,C2,2024-01-05 07:00:00,In Stock,16836.81
P0105,Product 105,Electronics,990,30.59,35,B1,2024-01-05 08:00:00,In Stock,30284.1
P0106,Product 106,Home,215,321.8,45,C2,2024-01-05 09:00:00,Low Stock,69187.0
P0107,Product 107,Food,435,116.23,9,C1,2024-01-05 10:00:00,Low Stock,50560.05
P0108,Product 108,Books,891,94.11,38,B2,2024-01-05 11:00:00,In Stock,83852.01
P0109,Product 109,Food,952,48.84,30,C1,2024-01-05 12:00:00,Low Stock,46495.68
P0110,Product 110,Food,723,56.14,44,A2,2024-01-05 13:00:00,In Stock,40589.22
P0111,Product 111,Electronics,318,294.41,34,A2,2024-01-05 14:00:00,Low Stock,93622.38
P0112,Product 112,Food,32,345.66,32,A1,2024-01-05 15:00:00,Low Stock,11061.12
P0113,Product 113,Home,670,201.7,3,A1,2024-01-05 16:00:00,In Stock,135139.0
P0114,Product 114,Food,285,242.55,3,A2,2024-01-05 17:00:00,Low Stock,69126.75
P0115,Product 115,Electronics,305,344.55,28,C2,2024-01-05 18:00:00,In Stock,105087.75
P0116,Product 116,Home,429,13.6,44,C1,2024-01-05 19:00:00,In Stock,5834.4
P0117,Product 117,Clothing,477,164.95,15,A2,2024-01-05 20:00:00,In Stock,78681.15
P0118,Product 118,Food,286,486.68,41,A1,2024-01-05 21:00:00,In Stock,139190.48
P0119,Product 119,Electronics,144,292.16,23,A2,2024-01-05 22:00:00,Low Stock,42071.04
P0120,Product 120,Clothing,424,130.84,40,C2,2024-01-05 23:00:00,Low Stock,55476.16
P0121,Product 121,Clothing,19,263.26,11,A2,2024-01-06 00:00:00,In Stock,5001.94
P0122,Product 122,Books,18,174.61,48,C1,2024-01-06 01:00:00,Low Stock,3142.9800000000005
P0123,Product 123,Home,769,268.46,32,B2,2024-01-06 02:00:00,Low Stock,206445.74
P0124,Product 124,Food,590,67.24,36,C2,2024-01-06 03:00:00,In Stock,39671.6
P0125,Product 125,Electronics,371,70.69,33,A1,2024-01-06 04:00:00,In Stock,26225.989999999998
P0126,Product 126,Books,175,76.05,24,C1,2024-01-06 05:00:00,In Stock,13308.75
P0127,Product 127,Home,194,470.21,39,A2,2024-01-06 06:00:00,In Stock,91220.73999999999
P0128,Product 128,Books,502,367.78,34,A2,2024-01-06 07:00:00,Low Stock,184625.56
P0129,Product 129,Home,988,85.38,28,B2,2024-01-06 08:00:00,In Stock,84355.44
P0130,Product 130,Home,113,98.23,37,A1,2024-01-06 09:00:00,Low Stock,11099.99
P0131,Product 131,Food,114,366.76,7,A1,2024-01-06 10:00:00,In Stock,41810.64
P0132,Product 132,Home,222,82.3,4,B1,2024-01-06 11:00:00,In Stock,18270.6
P0133,Product 133,Books,678,121.11,37,A1,2024-01-06 12:00:00,In Stock,82112.58
P0134,Product 134,Home,947,481.86,1,B2,2024-01-06 13:00:00,In Stock,456321.42000000004
P0135,Product 135,Food,831,131.38,1,B1,2024-01-06 14:00:00,In Stock,109176.78
P0136,Product 136,Food,644,332.51,47,B1,2024-01-06 15:00:00,In Stock,214136.44
P0137,Product 137,Books,897,489.42,20,A2,2024-01-06 16:00:00,In Stock,439009.74
P0138,Product 138,Clothing,264,190.28,19,A2,2024-01-06 17:00:00,In Stock,50233.92
P0139,Product 139,Clothing,925,13.67,29,A1,2024-01-06 18:00:00,In Stock,12644.75
P0140,Product 140,Home,55,125.85,10,B1,2024-01-06 19:00:00,Low Stock,6921.75
P0141,Product 141,Electronics,871,416.28,18,A2,2024-01-06 20:00:00,In Stock,362579.88
P0142,Product 142,Home,643,432.98,28,B2,2024-01-06 21:00:00,In Stock,278406.14
P0143,Product 143,Books,800,385.42,35,A2,2024-01-06 22:00:00,In Stock,308336.0
P0144,Product 144,Books,778,60.99,43,C2,2024-01-06 23:00:00,In Stock,47450.22
P0145,Product 145,Books,458,398.78,47,C2,2024-01-07 00:00:00,Low Stock,182641.24
P0146,Product 146,Books,979,459.75,31,A2,2024-01-07 01:00:00,In Stock,450095.25
P0147,Product 147,Books,878,302.3,27,B1,2024-01-07 02:00:00,In Stock,265419.4
P0148,Product 148,Food,162,470.73,11,B1,2024-01-07 03:00:00,Low Stock,76258.26000000001
P0149,Product 149,Clothing,380,414.29,49,C1,2024-01-07 04:00:00,In Stock,157430.2
P0150,Product 150,Books,993,335.15,49,C2,2024-01-07 05:00:00,In Stock,332803.94999999995
P0151,Product 151,Electronics,87,290.71,38,B2,2024-01-07 06:00:00,In Stock,25291.769999999997
P0152,Product 152,Electronics,55,177.54,5,B1,2024-01-07 07:00:00,In Stock,9764.699999999999
P0153,Product 153,Electronics,476,83.85,8,A1,2024-01-07 08:00:00,In Stock,39912.6
P0154,Product 154,Electronics,800,304.45,34,C2,2024-01-07 09:00:00,In Stock,243560.0
P0155,Product 155,Food,178,162.47,48,B2,2024-01-07 10:00:00,Low Stock,28919.66
P0156,Product 156,Electronics,391,433.89,12,B2,2024-01-07 11:00:00,Low Stock,169650.99
P0157,Product 157,Books,349,496.7,38,B1,2024-01-07 12:00:00,In Stock,173348.3
P0158,Product 158,Home,8,377.45,1,B2,2024-01-07 13:00:00,In Stock,3019.6
P0159,Product 159,Electronics,833,49.79,31,B1,2024-01-07 14:00:00,Low Stock,41475.07
P0160,Product 160,Food,313,147.9,4,A2,2024-01-07 15:00:00,In Stock,46292.700000000004
P0161,Product 161,Food,759,59.01,49,C2,2024-01-07 16:00:00,Low Stock,44788.59
P0162,Product 162,Electronics,835,327.0,45,C1,2024-01-07 17:00:00,Low Stock,273045.0
P0163,Product 163,Home,984,383.77,5,A2,2024-01-07 18:00:00,Low Stock,377629.68
P0164,Product 164,Electronics,983,463.21,30,C2,2024-01-07 19:00:00,In Stock,455335.43
P0165,Product 165,Food,443,221.9,24,B1,2024-01-07 20:00:00,In Stock,98301.7
P0166,Product 166,Clothing,767,451.18,3,C2,2024-01-07 21:00:00,In Stock,346055.06
P0167,Product 167,Books,328,439.56,11,B1,2024-01-07 22:00:00,Low Stock,144175.68
P0168,Product 168,Food,54,162.01,45,A2,2024-01-07 23:00:00,In Stock,8748.539999999999
P0169,Product 169,Electronics,761,435.11,4,A1,2024-01-08 00:00:00,Low Stock,331118.71
P0170,Product 170,Books,239,190.96,26,A1,2024-01-08 01:00:00,In Stock,45639.44
P0171,Product 171,Electronics,229,151.95,27,C2,2024-01-08 02:00:00,In Stock,34796.549999999996
P0172,Product 172,Electronics,579,326.29,46,A1,2024-01-08 03:00:00,In Stock,188921.91
P0173,Product 173,Clothing,51,167.55,43,B1,2024-01-08 04:00:00,In Stock,8545.050000000001
P0174,Product 174,Books,609,316.95,27,B2,2024-01-08 05:00:00,In Stock,193022.55
P0175,Product 175,Books,604,306.87,42,B1,2024-01-08 06:00:00,In Stock,185349.48
P0176,Product 176,Clothing,264,283.9,6,B2,2024-01-08 07:00:00,Out of Stock,74949.59999999999
P0177,Product 177,Food,418,193.31,15,A2,2024-01-08 08:00:00,In Stock,80803.58
P0178,Product 178,Electronics,803,276.51,30,C1,2024-01-08 09:00:00,In Stock,222037.53
P0179,Product 179,Home,96,300.26,42,B2,2024-01-08 10:00:00,In Stock,28824.96
P0180,Product 180,Electronics,88,275.12,37,A1,2024-01-08 11:00:00,Low Stock,24210.56
P0181,Product 181,Electronics,78,224.99,37,B1,2024-01-08 12:00:00,Low Stock,17549.22
P0182,Product 182,Food,288,12.26,42,A2,2024-01-08 13:00:00,In Stock,3530.88
P0183,Product 183,Electronics,120,295.6,37,A1,2024-01-08 14:00:00,Low Stock,35472.0
P0184,Product 184,Clothing,814,88.38,35,A2,2024-01-08 15:00:00,Low Stock,71941.31999999999
P0185,Product 185,Clothing,491,323.08,23,C1,2024-01-08 16:00:00,In Stock,158632.28
P0186,Product 186,Books,912,380.88,6,B1,2024-01-08 17:00:00,In Stock,347362.56
P0187,Product 187,Home,452,252.72,4,C2,2024-01-08 18:00:00,In Stock,114229.44
P0188,Product 188,Electronics,500,273.47,18,B1,2024-01-08 19:00:00,In Stock,136735.0
P0189,Product 189,Electronics,165,475.98,9,C1,2024-01-08 20:00:00,Low Stock,78536.7
P0190,Product 190,Food,182,424.35,49,B1,2024-01-08 21:00:00,In Stock,77231.7
P0191,Product 191,Clothing,469,457.55,29,C2,2024-01-08 22:00:00,Low Stock,214590.95
P0192,Product 192,Home,910,407.81,13,B2,2024-01-08 23:00:00,In Stock,371107.1
P0193,Product 193,Books,735,58.91,47,A2,2024-01-09 00:00:00,In Stock,43298.85
P0194,Product 194,Clothing,823,78.75,17,C2,2024-01-09 01:00:00,In Stock,64811.25
P0195,Product 195,Books,944,265.68,45,A1,2024-01-09 02:00:00,In Stock,250801.92
P0196,Product 196,Food,978,126.8,32,C1,2024-01-09 03:00:00,Low Stock,124010.4
P0197,Product 197,Food,7,240.96,48,B2,2024-01-09 04:00:00,Low Stock,1686.72
P0198,Product 198,Electronics,330,200.21,22,A1,2024-01-09 05:00:00,In Stock,66069.3
P0199,Product 199,Home,775,276.96,4,A1,2024-01-09 06:00:00,In Stock,214643.99999999997
P0200,Product 200,Books,673,374.7,5,C1,2024-01-09 07:00:00,In Stock,252173.1
P0201,Product 201,Clothing,151,359.17,37,B2,2024-01-09 08:00:00,In Stock,54234.670000000006
P0202,Product 202,Food,85,263.01,41,A1,2024-01-09 09:00:00,In Stock,22355.85
P0203,Product 203,Electronics,147,412.08,49,A1,2024-01-09 10:00:00,In Stock,60575.759999999995
P0204,Product 204,Electronics,624,218.28,13,B2,2024-01-09 11:00:00,In Stock,136206.72
P0205,Product 205,Books,381,448.87,34,B1,2024-01-09 12:00:00,Low Stock,171019.47
P0206,Product 206,Food,915,40.28,45,A1,2024-01-09 13:00:00,In Stock,36856.200000000004
P0207,Product 207,Home,548,477.56,22,A2,2024-01-09 14:00:00,In Stock,261702.88
P0208,Product 208,Food,285,329.07,23,B2,2024-01-09 15:00:00,In Stock,93784.95
P0209,Product 209,Books,700,193.14,3,A1,2024-01-09 16:00:00,In Stock,135198.0
P0210,Product 210,Books,82,102.59,42,C1,2024-01-09 17:00:00,In Stock,8412.380000000001
P0211,Product 211,Food,514,242.2,34,C2,2024-01-09 18:00:00,Low Stock,124490.79999999999
P0212,Product 212,Books,897,101.31,32,A2,2024-01-09 19:00:00,Low Stock,90875.07
P0213,Product 213,Food,815,87.33,45,C2,2024-01-09 20:00:00,In Stock,71173.95
P0214,Product 214,Clothing,709,310.59,49,C2,2024-01-09 21:00:00,In Stock,220208.30999999997
P0215,Product 215,Food,916,263.93,21,A1,2024-01-09 22:00:00,In Stock,241759.88
P0216,Product 216,Food,523,336.7,46,A2,2024-01-09 23:00:00,Low Stock,176094.1
P0217,Product 217,Books,746,465.15,44,A2,2024-01-10 00:00:00,In Stock,347001.89999999997
P0218,Product 218,Books,386,268.47,21,B1,2024-01-10 01:00:00,In Stock,103629.42000000001
P0219,Product 219,Electronics,707,292.56,44,C2,2024-01-10 02:00:00,In Stock,206839.92
P0220,Product 220,Electronics,471,49.37,11,A2,2024-01-10 03:00:00,In Stock,23253.27
P0221,Product 221,Clothing,119,360.23,39,B1,2024-01-10 04:00:00,In Stock,42867.37
P0222,Product 222,Electronics,396,202.95,4,B2,2024-01-10 05:00:00,Low Stock,80368.2
P0223,Product 223,Food,532,488.48,1,B1,2024-01-10 06:00:00,In Stock,259871.36000000002
P0224,Product 224,Books,261,412.47,28,C1,2024-01-10 07:00:00,In Stock,107654.67000000001
P0225,Product 225,Electronics,805,263.63,24,A1,2024-01-10 08:00:00,In Stock,212222.15
P0226,Product 226,Electronics,934,66.0,35,B2,2024-01-10 09:00:00,Low Stock,61644.0
P0227,Product 227,Clothing,256,430.41,13,B2,2024-01-10 10:00:00,Out of Stock,110184.96
P0228,Product 228,Clothing,734,400.89,47,C1,2024-01-10 11:00:00,In Stock,294253.26
P0229,Product 229,Food,905,96.37,34,B1,2024-01-10 12:00:00,Low Stock,87214.85
P0230,Product 230,Books,226,151.16,11,A1,2024-01-10 13:00:00,In Stock,34162.159999999996
P0231,Product 231,Clothing,53,397.74,36,B1,2024-01-10 14:00:00,In Stock,21080.22
P0232,Product 232,Electronics,940,96.69,17,A2,2024-01-10 15:00:00,In Stock,90888.59999999999
P0233,Product 233,Books,867,459.29,35,B1,2024-01-10 16:00:00,In Stock,398204.43
P0234,Product 234,Books,500,215.14,18,B2,2024-01-10 17:00:00,In Stock,107570.0
P0235,Product 235,Electronics,506,48.08,40,A1,2024-01-10 18:00:00,In Stock,24328.48
P0236,Product 236,Clothing,854,408.8,22,B1,2024-01-10 19:00:00,In Stock,349115.2
P0237,Product 237,Electronics,364,189.89,24,A1,2024-01-10 20:00:00,Low Stock,69119.95999999999
P0238,Product 238,Books,280,265.62,19,A1,2024-01-10 21:00:00,In Stock,74373.6
P0239,Product 239,Home,593,60.59,37,A2,2024-01-10 22:00:00,In Stock,35929.87
P0240,Product 240,Home,714,6.28,39,A2,2024-01-10 23:00:00,In Stock,4483.92
P0241,Product 241,Food,158,320.8,21,B2,2024-01-11 00:00:00,Low Stock,50686.4
P0242,Product 242,Electronics,632,260.01,8,C1,2024-01-11 01:00:00,In Stock,164326.32
P0243,Product 243,Electronics,59,298.8,28,A1,2024-01-11 02:00:00,In Stock,17629.2
P0244,Product 244,Food,727,397.9,5,C1,2024-01-11 03:00:00,Out of Stock,289273.3
P0245,Product 245,Food,128,325.07,17,B2,2024-01-11 04:00:00,In Stock,41608.96
P0246,Product 246,Food,736,91.51,37,A1,2024-01-11 05:00:00,In Stock,67351.36
P0247,Product 247,Books,721,183.58,36,A1,2024-01-11 06:00:00,Low Stock,132361.18000000002
P0248,Product 248,Electronics,882,453.42,19,C2,2024-01-11 07:00:00,In Stock,399916.44
P0249,Product 249,Books,115,386.12,27,C1,2024-01-11 08:00:00,In Stock,44403.8
P0250,Product 250,Food,209,280.54,34,B1,2024-01-11 09:00:00,In Stock,58632.86000000001
P0251,Product 251,Electronics,526,131.54,11,A2,2024-01-11 10:00:00,In Stock,69190.04
P0252,Product 252,Books,521,154.52,45,B1,2024-01-11 11:00:00,In Stock,80504.92
P0253,Product 253,Books,552,367.32,47,C1,2024-01-11 12:00:00,In Stock,202760.63999999998
P0254,Product 254,Food,962,426.33,12,A2,2024-01-11 13:00:00,In Stock,410129.45999999996
P0255,Product 255,Electronics,237,337.36,21,B1,2024-01-11 14:00:00,In Stock,79954.32
P0256,Product 256,Food,281,405.72,11,C2,2024-01-11 15:00:00,Low Stock,114007.32
P0257,Product 257,Electronics,359,384.49,39,A2,2024-01-11 16:00:00,In Stock,138031.91
P0258,Product 258,Home,201,79.1,28,A1,2024-01-11 17:00:00,In Stock,15899.099999999999
P0259,Product 259,Clothing,758,214.85,5,B1,2024-01-11 18:00:00,Low Stock,162856.3
P0260,Product 260,Clothing,278,80.73,17,A2,2024-01-11 19:00:00,In Stock,22442.940000000002
P0261,Product 261,Clothing,235,121.44,20,C2,2024-01-11 20:00:00,In Stock,28538.399999999998
P0262,Product 262,Food,494,435.28,41,A2,2024-01-11 21:00:00,Low Stock,215028.31999999998
P0263,Product 263,Home,4,239.08,46,A2,2024-01-11 22:00:00,In Stock,956.32
P0264,Product 264,Electronics,666,270.0,12,C2,2024-01-11 23:00:00,In Stock,179820.0
P0265,Product 265,Books,442,93.33,6,B1,2024-01-12 00:00:00,Low Stock,41251.86
P0266,Product 266,Electronics,29,159.57,17,B2,2024-01-12 01:00:00,In Stock,4627.53
P0267,Product 267,Books,109,118.97,19,B1,2024-01-12 02:00:00,In Stock,12967.73
P0268,Product 268,Electronics,610,107.06,26,C1,2024-01-12 03:00:00,In Stock,65306.6
P0269,Product 269,Home,727,320.79,48,C2,2024-01-12 04:00:00,In Stock,233214.33000000002
P0270,Product 270,Books,805,132.16,44,B1,2024-01-12 05:00:00,In Stock,106388.8
P0271,Product 271,Food,75,317.85,44,A2,2024-01-12 06:00:00,Low Stock,23838.75
P0272,Product 272,Electronics,838,33.94,32,C2,2024-01-12 07:00:00,In Stock,28441.719999999998
P0273,Product 273,Electronics,146,75.18,6,A1,2024-01-12 08:00:00,Low Stock,10976.28
P0274,Product 274,Books,128,140.9,36,B1,2024-01-12 09:00:00,In Stock,18035.2
P0275,Product 275,Food,853,300.54,38,C2,2024-01-12 10:00:00,Low Stock,256360.62000000002
P0276,Product 276,Food,42,339.54,11,B1,2024-01-12 11:00:00,Low Stock,14260.68
P0277,Product 277,Home,356,224.14,33,C2,2024-01-12 12:00:00,In Stock,79793.84
P0278,Product 278,Food,41,225.67,24,A2,2024-01-12 13:00:00,In Stock,9252.47
P0279,Product 279,Food,934,363.64,23,A1,2024-01-12 14:00:00,In Stock,339639.76
P0280,Product 280,Food,34,12.83,15,A1,2024-01-12 15:00:00,In Stock,436.22
P0281,Product 281,Clothing,17,173.84,27,C1,2024-01-12 16:00:00,Low Stock,2955.28
P0282,Product 282,Home,677,410.26,11,C2,2024-01-12 17:00:00,Low Stock,277746.02
P0283,Product 283,Electronics,153,303.59,17,B1,2024-01-12 18:00:00,In Stock,46449.27
P0284,Product 284,Books,998,171.93,14,A1,2024-01-12 19:00:00,In Stock,171586.14
P0285,Product 285,Electronics,378,453.23,27,A1,2024-01-12 20:00:00,In Stock,171320.94
P0286,Product 286,Home,588,387.45,18,B2,2024-01-12 21:00:00,In Stock,227820.6
P0287,Product 287,Books,599,136.12,28,B2,2024-01-12 22:00:00,In Stock,81535.88
P0288,Product 288,Home,629,324.42,47,A1,2024-01-12 23:00:00,Low Stock,204060.18000000002
P0289,Product 289,Food,874,299.9,47,C2,2024-01-13 00:00:00,Out of Stock,262112.59999999998
P0290,Product 290,Books,342,203.59,4,C1,2024-01-13 01:00:00,In Stock,69627.78
P0291,Product 291,Food,981,186.64,7,A1,2024-01-13 02:00:00,In Stock,183093.84
P0292,Product 292,Electronics,27,175.06,45,A2,2024-01-13 03:00:00,In Stock,4726.62
P0293,Product 293,Electronics,825,310.49,35,B1,2024-01-13 04:00:00,In Stock,256154.25
P0294,Product 294,Books,287,223.99,48,C1,2024-01-13 05:00:00,In Stock,64285.130000000005
P0295,Product 295,Books,646,416.77,9,A2,2024-01-13 06:00:00,In Stock,269233.42
P0296,Product 296,Home,731,336.45,8,C1,2024-01-13 07:00:00,Low Stock,245944.94999999998
P0297,Product 297,Home,168,39.62,45,A2,2024-01-13 08:00:00,In Stock,6656.16
P0298,Product 298,Food,610,321.88,17,B1,2024-01-13 09:00:00,In Stock,196346.8
P0299,Product 299,Books,268,139.22,17,B1,2024-01-13 10:00:00,Low Stock,37310.96
P0300,Product 300,Electronics,749,298.44,49,B2,2024-01-13 11:00:00,Low Stock,223531.56
P0301,Product 301,Home,821,341.67,33,C2,2024-01-13 12:00:00,In Stock,280511.07
P0302,Product 302,Home,455,119.26,32,A2,2024-01-13 13:00:00,In Stock,54263.3
P0303,Product 303,Electronics,906,231.15,8,B2,2024-01-13 14:00:00,In Stock,209421.9
P0304,Product 304,Home,685,99.21,19,A2,2024-01-13 15:00:00,Low Stock,67958.84999999999
P0305,Product 305,Food,401,30.91,38,B2,2024-01-13 16:00:00,Low Stock,12394.91
P0306,Product 306,Books,922,192.35,3,B1,2024-01-13 17:00:00,In Stock,177346.69999999998
P0307,Product 307,Electronics,981,184.66,5,C1,2024-01-13 18:00:00,In Stock,181151.46
P0308,Product 308,Books,476,497.76,13,B2,2024-01-13 19:00:00,Low Stock,236933.76
P0309,Product 309,Home,702,225.94,47,A2,2024-01-13 20:00:00,In Stock,158609.88
P0310,Product 310,Home,634,170.12,46,A2,2024-01-13 21:00:00,In Stock,107856.08
P0311,Product 311,Electronics,558,292.34,31,C2,2024-01-13 22:00:00,In Stock,163125.71999999997
P0312,Product 312,Food,576,48.94,16,B1,2024-01-13 23:00:00,In Stock,28189.44
P0313,Product 313,Clothing,130,481.02,32,A2,2024-01-14 00:00:00,In Stock,62532.6
P0314,Product 314,Electronics,822,319.31,22,A1,2024-01-14 01:00:00,Low Stock,262472.82
P0315,Product 315,Clothing,363,378.64,29,C1,2024-01-14 02:00:00,Low Stock,137446.32
P0316,Product 316,Clothing,705,89.39,22,B2,2024-01-14 03:00:00,In Stock,63019.95
P0317,Product 317,Food,819,207.69,43,C2,2024-01-14 04:00:00,In Stock,170098.11
P0318,Product 318,Clothing,693,214.23,3,C1,2024-01-14 05:00:00,In Stock,148461.38999999998
P0319,Product 319,Clothing,292,411.79,10,B1,2024-01-14 06:00:00,In Stock,120242.68000000001
P0320,Product 320,Food,371,5.61,42,C2,2024-01-14 07:00:00,In Stock,2081.31
P0321,Product 321,Clothing,794,153.92,21,B2,2024-01-14 08:00:00,Low Stock,122212.48
P0322,Product 322,Clothing,29,490.71,16,B2,2024-01-14 09:00:00,In Stock,14230.59
P0323,Product 323,Clothing,149,240.07,12,A1,2024-01-14 10:00:00,In Stock,35770.43
P0324,Product 324,Electronics,779,194.35,2,B1,2024-01-14 11:00:00,In Stock,151398.65
P0325,Product 325,Electronics,296,64.32,41,C2,2024-01-14 12:00:00,Low Stock,19038.719999999998
P0326,Product 326,Electronics,11,487.21,24,C2,2024-01-14 13:00:00,Low Stock,5359.3099999999995
P0327,Product 327,Food,512,14.91,35,A2,2024-01-14 14:00:00,Low Stock,7633.92
P0328,Product 328,Home,676,369.9,30,A1,2024-01-14 15:00:00,Low Stock,250052.4
P0329,Product 329,Clothing,113,385.46,30,A1,2024-01-14 16:00:00,In Stock,43556.979999999996
P0330,Product 330,Clothing,187,125.61,47,C2,2024-01-14 17:00:00,In Stock,23489.07
P0331,Product 331,Food,807,337.42,35,C2,2024-01-14 18:00:00,In Stock,272297.94
P0332,Product 332,Clothing,744,51.0,19,C1,2024-01-14 19:00:00,In Stock,37944.0
P0333,Product 333,Electronics,227,132.24,8,C1,2024-01-14 20:00:00,In Stock,30018.480000000003
P0334,Product 334,Home,310,395.01,26,C1,2024-01-14 21:00:00,In Stock,122453.09999999999
P0335,Product 335,Books,98,433.02,49,A1,2024-01-14 22:00:00,In Stock,42435.96
P0336,Product 336,Clothing,55,306.2,40,A2,2024-01-14 23:00:00,In Stock,16841.0
P0337,Product 337,Electronics,623,255.89,7,B2,2024-01-15 00:00:00,In Stock,159419.47
P0338,Product 338,Books,664,83.86,30,C1,2024-01-15 01:00:00,Low Stock,55683.04
P0339,Product 339,Home,758,36.24,7,A2,2024-01-15 02:00:00,In Stock,27469.920000000002
P0340,Product 340,Books,406,63.24,3,B1,2024-01-15 03:00:00,In Stock,25675.440000000002
P0341,Product 341,Electronics,69,117.54,1,C1,2024-01-15 04:00:00,In Stock,8110.26
P0342,Product 342,Books,312,174.13,36,B2,2024-01-15 05:00:00,In Stock,54328.56
P0343,Product 343,Food,289,193.55,25,B1,2024-01-15 06:00:00,In Stock,55935.950000000004
P0344,Product 344,Books,762,176.43,37,B1,2024-01-15 07:00:00,In Stock,134439.66
P0345,Product 345,Clothing,548,123.33,1,B2,2024-01-15 08:00:00,In Stock,67584.84
P0346,Product 346,Clothing,751,257.31,15,C1,2024-01-15 09:00:00,In Stock,193239.81
P0347,Product 347,Food,148,413.52,37,A1,2024-01-15 10:00:00,In Stock,61200.96
P0348,Product 348,Electronics,467,143.45,13,B2,2024-01-15 11:00:00,In Stock,66991.15
P0349,Product 349,Clothing,739,471.48,40,B2,2024-01-15 12:00:00,In Stock,348423.72000000003
P0350,Product 350,Home,244,437.3,8,B2,2024-01-15 13:00:00,In Stock,106701.2
P0351,Product 351,Clothing,491,85.07,5,B1,2024-01-15 14:00:00,In Stock,41769.369999999995
P0352,Product 352,Clothing,849,394.21,9,A2,2024-01-15 15:00:00,In Stock,334684.29
P0353,Product 353,Electronics,958,289.42,1,A1,2024-01-15 16:00:00,In Stock,277264.36000000004
P0354,Product 354,Books,507,285.45,36,C1,2024-01-15 17:00:00,In Stock,144723.15
P0355,Product 355,Clothing,365,198.57,35,C1,2024-01-15 18:00:00,In Stock,72478.05
P0356,Product 356,Food,482,253.07,2,A2,2024-01-15 19:00:00,In Stock,121979.73999999999
P0357,Product 357,Books,201,201.6,40,B2,2024-01-15 20:00:00,Low Stock,40521.6
P0358,Product 358,Home,154,272.17,23,A1,2024-01-15 21:00:00,Low Stock,41914.18
P0359,Product 359,Electronics,450,315.84,9,C1,2024-01-15 22:00:00,Low Stock,142128.0
P0360,Product 360,Home,501,338.78,34,C2,2024-01-15 23:00:00,In Stock,169728.78
P0361,Product 361,Books,73,268.58,46,C1,2024-01-16 00:00:00,In Stock,19606.34
P0362,Product 362,Books,713,362.1,14,B2,2024-01-16 01:00:00,In Stock,258177.30000000002
P0363,Product 363,Books,296,74.93,4,C2,2024-01-16 02:00:00,In Stock,22179.280000000002
P0364,Product 364,Home,17,109.93,30,A2,2024-01-16 03:00:00,In Stock,1868.8100000000002
P0365,Product 365,Books,641,410.27,31,A1,2024-01-16 04:00:00,In Stock,262983.07
P0366,Product 366,Home,217,164.65,38,A2,2024-01-16 05:00:00,Low Stock,35729.05
P0367,Product 367,Books,61,16.33,11,A2,2024-01-16 06:00:00,In Stock,996.1299999999999
P0368,Product 368,Food,939,81.13,35,A1,2024-01-16 07:00:00,Low Stock,76181.06999999999
P0369,Product 369,Books,616,115.69,8,A1,2024-01-16 08:00:00,In Stock,71265.04
P0370,Product 370,Home,42,478.87,3,C1,2024-01-16 09:00:00,In Stock,20112.54
P0371,Product 371,Clothing,25,288.66,14,C1,2024-01-16 10:00:00,In Stock,7216.500000000001
P0372,Product 372,Books,39,466.7,13,A1,2024-01-16 11:00:00,In Stock,18201.3
P0373,Product 373,Clothing,803,289.71,45,C2,2024-01-16 12:00:00,Low Stock,232637.12999999998
P0374,Product 374,Food,131,242.28,32,B1,2024-01-16 13:00:00,In Stock,31738.68
P0375,Product 375,Electronics,498,160.3,34,C1,2024-01-16 14:00:00,In Stock,79829.40000000001
P0376,Product 376,Food,229,305.15,45,B1,2024-01-16 15:00:00,Low Stock,69879.34999999999
P0377,Product 377,Books,108,73.9,19,C2,2024-01-16 16:00:00,In Stock,7981.200000000001
P0378,Product 378,Clothing,172,449.64,38,A1,2024-01-16 17:00:00,Out of Stock,77338.08
P0379,Product 379,Clothing,435,415.52,16,C2,2024-01-16 18:00:00,In Stock,180751.19999999998
P0380,Product 380,Home,478,162.18,2,C1,2024-01-16 19:00:00,In Stock,77522.04000000001
P0381,Product 381,Clothing,102,476.63,40,A2,2024-01-16 20:00:00,In Stock,48616.26
P0382,Product 382,Home,866,413.47,17,A1,2024-01-16 21:00:00,In Stock,358065.02
P0383,Product 383,Electronics,524,334.82,34,B2,2024-01-16 22:00:00,In Stock,175445.68
P0384,Product 384,Books,275,65.27,42,B1,2024-01-16 23:00:00,In Stock,17949.25
P0385,Product 385,Home,613,241.73,16,C2,2024-01-17 00:00:00,Low Stock,148180.49
P0386,Product 386,Electronics,44,255.52,38,A1,2024-01-17 01:00:00,Low Stock,11242.880000000001
P0387,Product 387,Clothing,955,120.11,2,C2,2024-01-17 02:00:00,In Stock,114705.05
P0388,Product 388,Clothing,817,44.58,2,A1,2024-01-17 03:00:00,In Stock,36421.86
P0389,Product 389,Electronics,957,389.48,26,C1,2024-01-17 04:00:00,In Stock,372732.36000000004
P0390,Product 390,Clothing,17,65.41,13,C1,2024-01-17 05:00:00,In Stock,1111.97
P0391,Product 391,Electronics,330,299.17,47,C1,2024-01-17 06:00:00,In Stock,98726.1
P0392,Product 392,Home,569,468.54,31,C2,2024-01-17 07:00:00,In Stock,266599.26
P0393,Product 393,Home,823,438.67,34,B2,2024-01-17 08:00:00,In Stock,361025.41000000003
P0394,Product 394,Electronics,497,142.49,39,C1,2024-01-17 09:00:00,In Stock,70817.53
P0395,Product 395,Home,815,426.47,3,A1,2024-01-17 10:00:00,Out of Stock,347573.05000000005
P0396,Product 396,Home,12,5.16,8,C1,2024-01-17 11:00:00,In Stock,61.92
P0397,Product 397,Home,318,13.76,23,A2,2024-01-17 12:00:00,In Stock,4375.68
P0398,Product 398,Food,592,303.26,14,C1,2024-01-17 13:00:00,In Stock,179529.91999999998
P0399,Product 399,Books,216,185.58,27,C2,2024-01-17 14:00:00,In Stock,40085.280000000006
P0400,Product 400,Clothing,339,196.3,29,B2,2024-01-17 15:00:00,In Stock,66545.7
P0401,Product 401,Food,776,284.4,39,A2,2024-01-17 16:00:00,In Stock,220694.4
P0402,Product 402,Home,991,99.93,39,C2,2024-01-17 17:00:00,Low Stock,99030.63
P0403,Product 403,Electronics,661,109.82,1,C2,2024-01-17 18:00:00,In Stock,72591.01999999999
P0404,Product 404,Home,81,244.88,17,C2,2024-01-17 19:00:00,In Stock,19835.28
P0405,Product 405,Books,727,378.36,41,A1,2024-01-17 20:00:00,Out of Stock,275067.72000000003
P0406,Product 406,Home,485,311.65,30,C2,2024-01-17 21:00:00,Low Stock,151150.25
P0407,Product 407,Electronics,374,152.19,13,A1,2024-01-17 22:00:00,In Stock,56919.06
P0408,Product 408,Books,976,218.02,21,C2,2024-01-17 23:00:00,In Stock,212787.52000000002
P0409,Product 409,Home,710,89.48,19,B1,2024-01-18 00:00:00,In Stock,63530.8
P0410,Product 410,Books,200,41.94,19,A2,2024-01-18 01:00:00,In Stock,8388.0
P0411,Product 411,Clothing,537,392.43,25,B1,2024-01-18 02:00:00,In Stock,210734.91
P0412,Product 412,Clothing,466,136.37,22,C2,2024-01-18 03:00:00,In Stock,63548.420000000006
P0413,Product 413,Home,89,92.99,31,A2,2024-01-18 04:00:00,In Stock,8276.109999999999
P0414,Product 414,Books,268,347.35,17,A2,2024-01-18 05:00:00,In Stock,93089.8
P0415,Product 415,Electronics,655,310.94,23,B2,2024-01-18 06:00:00,In Stock,203665.7
P0416,Product 416,Home,571,318.43,32,B1,2024-01-18 07:00:00,In Stock,181823.53
P0417,Product 417,Clothing,922,118.3,10,B2,2024-01-18 08:00:00,In Stock,109072.59999999999
P0418,Product 418,Clothing,489,120.16,10,A2,2024-01-18 09:00:00,In Stock,58758.24
P0419,Product 419,Home,877,114.3,36,A1,2024-01-18 10:00:00,In Stock,100241.09999999999
P0420,Product 420,Books,538,91.01,8,A2,2024-01-18 11:00:00,In Stock,48963.380000000005
P0421,Product 421,Clothing,47,329.58,20,B2,2024-01-18 12:00:00,In Stock,15490.259999999998
P0422,Product 422,Books,288,424.77,32,B1,2024-01-18 13:00:00,In Stock,122333.76
P0423,Product 423,Clothing,778,363.54,14,C2,2024-01-18 14:00:00,In Stock,282834.12
P0424,Product 424,Clothing,16,397.09,28,C2,2024-01-18 15:00:00,In Stock,6353.44
P0425,Product 425,Food,711,205.38,46,B1,2024-01-18 16:00:00,Low Stock,146025.18
P0426,Product 426,Clothing,401,328.77,24,C2,2024-01-18 17:00:00,Low Stock,131836.77
P0427,Product 427,Electronics,919,180.35,15,C2,2024-01-18 18:00:00,In Stock,165741.65
P0428,Product 428,Home,794,265.12,22,B2,2024-01-18 19:00:00,In Stock,210505.28
P0429,Product 429,Home,981,243.41,30,B1,2024-01-18 20:00:00,In Stock,238785.21
P0430,Product 430,Books,86,92.56,4,C1,2024-01-18 21:00:00,In Stock,7960.16
P0431,Product 431,Clothing,250,196.6,13,A1,2024-01-18 22:00:00,In Stock,49150.0
P0432,Product 432,Electronics,391,482.09,23,A1,2024-01-18 23:00:00,Out of Stock,188497.19
P0433,Product 433,Books,782,128.05,8,C2,2024-01-19 00:00:00,In Stock,100135.1
P0434,Product 434,Food,335,71.23,18,A1,2024-01-19 01:00:00,In Stock,23862.050000000003
P0435,Product 435,Books,629,212.2,12,B1,2024-01-19 02:00:00,Low Stock,133473.8
P0436,Product 436,Books,519,396.22,31,B1,2024-01-19 03:00:00,Low Stock,205638.18000000002
P0437,Product 437,Clothing,137,293.16,14,A2,2024-01-19 04:00:00,Low Stock,40162.920000000006
P0438,Product 438,Food,883,342.08,34,A2,2024-01-19 05:00:00,In Stock,302056.64
P0439,Product 439,Books,688,98.9,18,A1,2024-01-19 06:00:00,In Stock,68043.2
P0440,Product 440,Electronics,840,311.38,34,C1,2024-01-19 07:00:00,In Stock,261559.19999999998
P0441,Product 441,Electronics,498,165.13,11,A2,2024-01-19 08:00:00,In Stock,82234.73999999999
P0442,Product 442,Home,827,417.98,41,A2,2024-01-19 09:00:00,In Stock,345669.46
P0443,Product 443,Food,727,316.5,12,B1,2024-01-19 10:00:00,In Stock,230095.5
P0444,Product 444,Food,477,103.43,49,C1,2024-01-19 11:00:00,Low Stock,49336.11
P0445,Product 445,Home,594,36.99,15,C2,2024-01-19 12:00:00,In Stock,21972.06
P0446,Product 446,Books,223,26.1,31,A1,2024-01-19 13:00:00,In Stock,5820.3
P0447,Product 447,Food,990,188.85,49,A2,2024-01-19 14:00:00,In Stock,186961.5
P0448,Product 448,Electronics,372,136.6,29,C1,2024-01-19 15:00:00,In Stock,50815.2
P0449,Product 449,Electronics,935,324.81,26,C1,2024-01-19 16:00:00,In Stock,303697.35
P0450,Product 450,Clothing,995,252.17,18,A1,2024-01-19 17:00:00,In Stock,250909.15
P0451,Product 451,Food,402,136.68,32,C1,2024-01-19 18:00:00,In Stock,54945.36
P0452,Product 452,Books,443,78.87,22,C1,2024-01-19 19:00:00,Low Stock,34939.41
P0453,Product 453,Home,490,67.96,38,C1,2024-01-19 20:00:00,In Stock,33300.399999999994
P0454,Product 454,Home,615,433.01,17,A2,2024-01-19 21:00:00,Out of Stock,266301.15
P0455,Product 455,Books,273,125.52,23,A1,2024-01-19 22:00:00,In Stock,34266.96
P0456,Product 456,Clothing,526,327.6,24,C1,2024-01-19 23:00:00,In Stock,172317.6
P0457,Product 457,Home,159,406.29,8,C1,2024-01-20 00:00:00,In Stock,64600.11
P0458,Product 458,Food,152,308.97,41,A2,2024-01-20 01:00:00,In Stock,46963.44
P0459,Product 459,Clothing,995,430.48,6,A1,2024-01-20 02:00:00,In Stock,428327.60000000003
P0460,Product 460,Food,620,199.23,5,B1,2024-01-20 03:00:00,In Stock,123522.59999999999
P0461,Product 461,Electronics,188,478.33,44,A2,2024-01-20 04:00:00,Low Stock,89926.04
P0462,Product 462,Clothing,813,70.91,29,A1,2024-01-20 05:00:00,Low Stock,57649.829999999994
P0463,Product 463,Home,98,55.56,28,C1,2024-01-20 06:00:00,In Stock,5444.88
P0464,Product 464,Clothing,131,331.05,11,A1,2024-01-20 07:00:00,Low Stock,43367.55
P0465,Product 465,Clothing,805,471.7,1,A1,2024-01-20 08:00:00,In Stock,379718.5
P0466,Product 466,Clothing,171,405.4,43,C2,2024-01-20 09:00:00,Low Stock,69323.4
P0467,Product 467,Clothing,936,42.83,19,A1,2024-01-20 10:00:00,In Stock,40088.88
P0468,Product 468,Food,986,143.29,9,B1,2024-01-20 11:00:00,In Stock,141283.94
P0469,Product 469,Electronics,183,465.51,27,A1,2024-01-20 12:00:00,Low Stock,85188.33
P0470,Product 470,Books,983,130.26,34,B1,2024-01-20 13:00:00,In Stock,128045.57999999999
P0471,Product 471,Clothing,364,391.68,44,C1,2024-01-20 14:00:00,Low Stock,142571.52
P0472,Product 472,Home,39,413.44,4,B1,2024-01-20 15:00:00,In Stock,16124.16
P0473,Product 473,Clothing,527,250.25,36,C1,2024-01-20 16:00:00,In Stock,131881.75
P0474,Product 474,Home,888,196.24,18,C1,2024-01-20 17:00:00,In Stock,174261.12
P0475,Product 475,Food,497,227.81,15,B1,2024-01-20 18:00:00,In Stock,113221.57
P0476,Product 476,Home,516,117.35,13,A2,2024-01-20 19:00:00,In Stock,60552.6
P0477,Product 477,Books,349,445.25,19,B2,2024-01-20 20:00:00,Low Stock,155392.25
P0478,Product 478,Electronics,982,228.06,49,A1,2024-01-20 21:00:00,In Stock,223954.92
P0479,Product 479,Home,921,441.82,6,C2,2024-01-20 22:00:00,Low Stock,406916.22
P0480,Product 480,Home,397,57.32,48,B2,2024-01-20 23:00:00,Low Stock,22756.04
P0481,Product 481,Electronics,722,494.2,12,A1,2024-01-21 00:00:00,In Stock,356812.39999999997
P0482,Product 482,Books,161,224.42,37,A1,2024-01-21 01:00:00,Low Stock,36131.619999999995
P0483,Product 483,Clothing,16,28.68,17,C1,2024-01-21 02:00:00,Out of Stock,458.88
P0484,Product 484,Home,493,23.82,23,A1,2024-01-21 03:00:00,Low Stock,11743.26
P0485,Product 485,Electronics,426,374.37,26,C2,2024-01-21 04:00:00,Low Stock,159481.62
P0486,Product 486,Food,108,331.22,29,A1,2024-01-21 05:00:00,Out of Stock,35771.76
P0487,Product 487,Electronics,894,402.05,33,B1,2024-01-21 06:00:00,In Stock,359432.7
P0488,Product 488,Food,450,57.16,27,B2,2024-01-21 07:00:00,In Stock,25722.0
P0489,Product 489,Books,311,22.61,25,B1,2024-01-21 08:00:00,Low Stock,7031.71
P0490,Product 490,Clothing,739,256.75,10,C2,2024-01-21 09:00:00,In Stock,189738.25
P0491,Product 491,Electronics,170,196.86,47,A1,2024-01-21 10:00:00,In Stock,33466.200000000004
P0492,Product 492,Home,546,233.66,23,C2,2024-01-21 11:00:00,In Stock,127578.36
P0493,Product 493,Books,414,495.84,21,C1,2024-01-21 12:00:00,Low Stock,205277.75999999998
P0494,Product 494,Electronics,251,485.52,21,B1,2024-01-21 13:00:00,In Stock,121865.51999999999
P0495,Product 495,Home,759,471.45,43,B1,2024-01-21 14:00:00,Low Stock,357830.55
P0496,Product 496,Electronics,781,393.0,13,A2,2024-01-21 15:00:00,In Stock,306933.0
P0497,Product 497,Food,141,180.65,37,A1,2024-01-21 16:00:00,In Stock,25471.65
P0498,Product 498,Electronics,274,209.0,33,C1,2024-01-21 17:00:00,In Stock,57266.0
P0499,Product 499,Electronics,416,277.06,24,B1,2024-01-21 18:00:00,In Stock,115256.96
P0500,Product 500,Electronics,608,416.11,44,B1,2024-01-21 19:00:00,In Stock,252994.88
P0501,Product 501,Books,739,39.01,11,C1,2024-01-21 20:00:00,Low Stock,28828.39
P0502,Product 502,Electronics,891,215.03,17,C2,2024-01-21 21:00:00,Low Stock,191591.73
P0503,Product 503,Home,39,45.9,4,C2,2024-01-21 22:00:00,In Stock,1790.1
P0504,Product 504,Food,814,259.76,47,A1,2024-01-21 23:00:00,In Stock,211444.63999999998
P0505,Product 505,Food,29,449.96,25,A2,2024-01-22 00:00:00,Low Stock,13048.84
P0506,Product 506,Electronics,958,392.33,30,B1,2024-01-22 01:00:00,Low Stock,375852.13999999996
P0507,Product 507,Books,477,117.78,9,A2,2024-01-22 02:00:00,In Stock,56181.06
P0508,Product 508,Books,318,488.12,21,C2,2024-01-22 03:00:00,In Stock,155222.16
P0509,Product 509,Home,245,335.34,20,C2,2024-01-22 04:00:00,In Stock,82158.29999999999
P0510,Product 510,Electronics,748,10.16,19,B2,2024-01-22 05:00:00,Low Stock,7599.68
P0511,Product 511,Food,697,131.43,19,A1,2024-01-22 06:00:00,In Stock,91606.71
P0512,Product 512,Books,272,134.05,12,B2,2024-01-22 07:00:00,In Stock,36461.600000000006
P0513,Product 513,Electronics,440,39.28,37,B2,2024-01-22 08:00:00,In Stock,17283.2
P0514,Product 514,Books,748,480.11,42,B2,2024-01-22 09:00:00,Low Stock,359122.28
P0515,Product 515,Books,239,241.74,17,A1,2024-01-22 10:00:00,In Stock,57775.86
P0516,Product 516,Food,377,448.43,37,A1,2024-01-22 11:00:00,In Stock,169058.11000000002
P0517,Product 517,Clothing,266,164.5,48,C1,2024-01-22 12:00:00,In Stock,43757.0
P0518,Product 518,Home,926,66.99,39,A2,2024-01-22 13:00:00,In Stock,62032.74
P0519,Product 519,Home,921,239.8,28,A2,2024-01-22 14:00:00,In Stock,220855.80000000002
P0520,Product 520,Food,359,61.41,41,C1,2024-01-22 15:00:00,Low Stock,22046.19
P0521,Product 521,Books,340,245.58,35,C1,2024-01-22 16:00:00,Low Stock,83497.2
P0522,Product 522,Electronics,389,460.55,47,C2,2024-01-22 17:00:00,Low Stock,179153.95
P0523,Product 523,Books,577,262.78,48,B2,2024-01-22 18:00:00,Low Stock,151624.06
P0524,Product 524,Food,990,310.17,18,C1,2024-01-22 19:00:00,In Stock,307068.3
P0525,Product 525,Home,689,82.54,14,B1,2024-01-22 20:00:00,Low Stock,56870.060000000005
P0526,Product 526,Books,3,26.65,35,A2,2024-01-22 21:00:00,In Stock,79.94999999999999
P0527,Product 527,Home,429,59.85,44,C1,2024-01-22 22:00:00,In Stock,25675.65
P0528,Product 528,Electronics,142,301.27,41,B1,2024-01-22 23:00:00,Out of Stock,42780.34
P0529,Product 529,Home,376,52.03,7,B1,2024-01-23 00:00:00,In Stock,19563.28
P0530,Product 530,Home,670,191.12,41,B1,2024-01-23 01:00:00,In Stock,128050.40000000001
P0531,Product 531,Clothing,324,277.3,13,C2,2024-01-23 02:00:00,In Stock,89845.2
P0532,Product 532,Clothing,146,197.38,18,C2,2024-01-23 03:00:00,In Stock,28817.48
P0533,Product 533,Clothing,958,86.02,37,B1,2024-01-23 04:00:00,In Stock,82407.15999999999
P0534,Product 534,Home,293,140.53,13,C2,2024-01-23 05:00:00,Low Stock,41175.29
P0535,Product 535,Food,665,464.52,36,B2,2024-01-23 06:00:00,Out of Stock,308905.8
P0536,Product 536,Home,432,339.61,31,B1,2024-01-23 07:00:00,In Stock,146711.52000000002
P0537,Product 537,Food,705,250.54,2,B2,2024-01-23 08:00:00,In Stock,176630.69999999998
P0538,Product 538,Food,949,11.29,16,B2,2024-01-23 09:00:00,In Stock,10714.21
P0539,Product 539,Clothing,975,496.25,9,B1,2024-01-23 10:00:00,Low Stock,483843.75
P0540,Product 540,Books,585,337.37,9,A2,2024-01-23 11:00:00,In Stock,197361.45
P0541,Product 541,Electronics,399,161.88,38,B1,2024-01-23 12:00:00,In Stock,64590.119999999995
P0542,Product 542,Clothing,817,440.24,11,B1,2024-01-23 13:00:00,In Stock,359676.08
P0543,Product 543,Clothing,889,132.92,22,C2,2024-01-23 14:00:00,In Stock,118165.87999999999
P0544,Product 544,Books,344,274.29,33,B1,2024-01-23 15:00:00,In Stock,94355.76000000001
P0545,Product 545,Electronics,964,319.86,36,A2,2024-01-23 16:00:00,Low Stock,308345.04000000004
P0546,Product 546,Home,140,114.43,45,C2,2024-01-23 17:00:00,In Stock,16020.2
P0547,Product 547,Home,187,489.31,23,A1,2024-01-23 18:00:00,In Stock,91500.97
P0548,Product 548,Clothing,805,375.35,45,A1,2024-01-23 19:00:00,In Stock,302156.75
P0549,Product 549,Electronics,61,281.12,45,B2,2024-01-23 20:00:00,Low Stock,17148.32
P0550,Product 550,Clothing,997,94.39,34,B2,2024-01-23 21:00:00,In Stock,94106.83
P0551,Product 551,Food,939,31.66,9,A2,2024-01-23 22:00:00,In Stock,29728.74
P0552,Product 552,Clothing,380,163.43,24,C1,2024-01-23 23:00:00,In Stock,62103.4
P0553,Product 553,Clothing,710,377.83,8,A1,2024-01-24 00:00:00,In Stock,268259.3
P0554,Product 554,Home,807,138.32,7,B2,2024-01-24 01:00:00,Low Stock,111624.23999999999
P0555,Product 555,Home,440,272.08,36,A1,2024-01-24 02:00:00,In Stock,119715.2
P0556,Product 556,Home,319,365.33,18,A2,2024-01-24 03:00:00,Out of Stock,116540.26999999999
P0557,Product 557,Food,302,58.43,3,A2,2024-01-24 04:00:00,In Stock,17645.86
P0558,Product 558,Home,344,344.22,28,C1,2024-01-24 05:00:00,Low Stock,118411.68000000001
P0559,Product 559,Electronics,11,50.48,6,C1,2024-01-24 06:00:00,In Stock,555.28
P0560,Product 560,Books,62,482.74,44,C2,2024-01-24 07:00:00,Low Stock,29929.88
P0561,Product 561,Electronics,845,246.76,44,A2,2024-01-24 08:00:00,In Stock,208512.19999999998
P0562,Product 562,Electronics,226,79.58,21,B2,2024-01-24 09:00:00,In Stock,17985.079999999998
P0563,Product 563,Home,153,174.48,28,A1,2024-01-24 10:00:00,Low Stock,26695.44
P0564,Product 564,Books,711,209.64,40,B1,2024-01-24 11:00:00,In Stock,149054.03999999998
P0565,Product 565,Books,564,380.3,1,C1,2024-01-24 12:00:00,In Stock,214489.2
P0566,Product 566,Books,772,372.99,36,B1,2024-01-24 13:00:00,In Stock,287948.28
P0567,Product 567,Food,571,307.91,21,B2,2024-01-24 14:00:00,In Stock,175816.61000000002
P0568,Product 568,Home,584,57.44,43,C1,2024-01-24 15:00:00,In Stock,33544.96
P0569,Product 569,Books,660,80.03,35,B1,2024-01-24 16:00:00,In Stock,52819.8
P0570,Product 570,Food,861,51.41,13,B2,2024-01-24 17:00:00,In Stock,44264.009999999995
P0571,Product 571,Clothing,575,290.7,49,A1,2024-01-24 18:00:00,Low Stock,167152.5
P0572,Product 572,Clothing,310,439.18,10,B2,2024-01-24 19:00:00,In Stock,136145.8
P0573,Product 573,Food,885,219.73,44,C2,2024-01-24 20:00:00,Low Stock,194461.05
P0574,Product 574,Food,243,84.62,47,C1,2024-01-24 21:00:00,Out of Stock,20562.66
P0575,Product 575,Home,493,281.23,10,A2,2024-01-24 22:00:00,In Stock,138646.39
P0576,Product 576,Home,366,406.82,46,A1,2024-01-24 23:00:00,In Stock,148896.12
P0577,Product 577,Clothing,330,372.15,13,B1,2024-01-25 00:00:00,In Stock,122809.49999999999
P0578,Product 578,Books,107,441.32,37,C1,2024-01-25 01:00:00,In Stock,47221.24
P0579,Product 579,Clothing,226,142.56,38,A2,2024-01-25 02:00:00,Low Stock,32218.56
P0580,Product 580,Books,825,101.01,24,B2,2024-01-25 03:00:00,In Stock,83333.25
P0581,Product 581,Books,218,440.51,2,A2,2024-01-25 04:00:00,In Stock,96031.18
P0582,Product 582,Home,937,330.49,22,C1,2024-01-25 05:00:00,In Stock,309669.13
P0583,Product 583,Electronics,753,158.91,17,C1,2024-01-25 06:00:00,In Stock,119659.23
P0584,Product 584,Electronics,506,372.46,36,C2,2024-01-25 07:00:00,In Stock,188464.75999999998
P0585,Product 585,Food,259,408.48,14,C2,2024-01-25 08:00:00,In Stock,105796.32
P0586,Product 586,Home,888,309.41,10,A2,2024-01-25 09:00:00,Out of Stock,274756.08
P0587,Product 587,Books,774,345.5,35,B2,2024-01-25 10:00:00,In Stock,267417.0
P0588,Product 588,Electronics,517,190.75,25,A2,2024-01-25 11:00:00,In Stock,98617.75
P0589,Product 589,Books,773,271.65,3,C1,2024-01-25 12:00:00,Low Stock,209985.44999999998
P0590,Product 590,Electronics,54,264.46,47,C1,2024-01-25 13:00:00,In Stock,14280.839999999998
P0591,Product 591,Electronics,47,424.78,38,B1,2024-01-25 14:00:00,Low Stock,19964.66
P0592,Product 592,Electronics,727,420.78,17,C2,2024-01-25 15:00:00,Out of Stock,305907.06
P0593,Product 593,Home,689,417.18,12,B1,2024-01-25 16:00:00,Low Stock,287437.02
P0594,Product 594,Clothing,521,10.46,24,A1,2024-01-25 17:00:00,Low Stock,5449.660000000001
P0595,Product 595,Books,99,376.03,29,C1,2024-01-25 18:00:00,In Stock,37226.969999999994
P0596,Product 596,Home,20,380.54,43,B1,2024-01-25 19:00:00,Low Stock,7610.8
P0597,Product 597,Home,890,340.8,25,A2,2024-01-25 20:00:00,In Stock,303312.0
P0598,Product 598,Home,753,379.35,36,C2,2024-01-25 21:00:00,Low Stock,285650.55
P0599,Product 599,Home,573,421.78,26,C2,2024-01-25 22:00:00,Low Stock,241679.93999999997
P0600,Product 600,Home,891,237.81,38,B2,2024-01-25 23:00:00,Out of Stock,211888.71
P0601,Product 601,Food,490,253.51,1,A2,2024-01-26 00:00:00,Low Stock,124219.9
P0602,Product 602,Books,419,66.73,20,B2,2024-01-26 01:00:00,In Stock,27959.870000000003
P0603,Product 603,Home,690,195.76,28,B1,2024-01-26 02:00:00,Out of Stock,135074.4
P0604,Product 604,Books,850,323.47,16,A1,2024-01-26 03:00:00,In Stock,274949.5
P0605,Product 605,Food,62,391.3,47,A2,2024-01-26 04:00:00,Low Stock,24260.600000000002
P0606,Product 606,Food,145,112.52,17,A2,2024-01-26 05:00:00,In Stock,16315.4
P0607,Product 607,Books,216,73.22,40,A2,2024-01-26 06:00:00,In Stock,15815.52
P0608,Product 608,Electronics,3,333.21,28,B2,2024-01-26 07:00:00,In Stock,999.6299999999999
P0609,Product 609,Clothing,160,5.93,12,B1,2024-01-26 08:00:00,In Stock,948.8
P0610,Product 610,Electronics,739,93.29,27,A2,2024-01-26 09:00:00,Low Stock,68941.31
P0611,Product 611,Electronics,998,19.39,42,A2,2024-01-26 10:00:00,In Stock,19351.22
P0612,Product 612,Electronics,781,87.61,47,C2,2024-01-26 11:00:00,In Stock,68423.41
P0613,Product 613,Home,120,94.75,30,A1,2024-01-26 12:00:00,In Stock,11370.0
P0614,Product 614,Food,893,196.9,41,C2,2024-01-26 13:00:00,Low Stock,175831.7
P0615,Product 615,Electronics,89,204.15,34,C2,2024-01-26 14:00:00,In Stock,18169.350000000002
P0616,Product 616,Food,329,437.76,37,A1,2024-01-26 15:00:00,In Stock,144023.04
P0617,Product 617,Books,580,257.5,6,B1,2024-01-26 16:00:00,In Stock,149350.0
P0618,Product 618,Clothing,910,363.09,7,C2,2024-01-26 17:00:00,In Stock,330411.89999999997
P0619,Product 619,Books,357,56.55,32,B1,2024-01-26 18:00:00,In Stock,20188.35
P0620,Product 620,Books,610,116.59,32,C2,2024-01-26 19:00:00,In Stock,71119.90000000001
P0621,Product 621,Home,267,352.96,25,C1,2024-01-26 20:00:00,In Stock,94240.31999999999
P0622,Product 622,Clothing,617,31.14,33,A1,2024-01-26 21:00:00,Low Stock,19213.38
P0623,Product 623,Books,952,245.87,7,C2,2024-01-26 22:00:00,Low Stock,234068.24
P0624,Product 624,Books,323,301.69,12,C1,2024-01-26 23:00:00,In Stock,97445.87
P0625,Product 625,Clothing,635,303.06,16,B2,2024-01-27 00:00:00,Out of Stock,192443.1
P0626,Product 626,Clothing,988,16.35,16,C1,2024-01-27 01:00:00,In Stock,16153.800000000001
P0627,Product 627,Books,541,164.44,43,A2,2024-01-27 02:00:00,In Stock,88962.04
P0628,Product 628,Clothing,649,320.06,36,C2,2024-01-27 03:00:00,In Stock,207718.94
P0629,Product 629,Books,195,78.75,13,C1,2024-01-27 04:00:00,In Stock,15356.25
P0630,Product 630,Books,921,349.23,7,B1,2024-01-27 05:00:00,In Stock,321640.83
P0631,Product 631,Home,738,374.23,36,B2,2024-01-27 06:00:00,In Stock,276181.74
P0632,Product 632,Electronics,332,491.07,47,C2,2024-01-27 07:00:00,In Stock,163035.24
P0633,Product 633,Books,170,108.87,9,A2,2024-01-27 08:00:00,Low Stock,18507.9
P0634,Product 634,Food,521,413.44,32,C1,2024-01-27 09:00:00,In Stock,215402.24
P0635,Product 635,Electronics,463,262.55,11,B2,2024-01-27 10:00:00,In Stock,121560.65000000001
P0636,Product 636,Electronics,40,189.86,8,C2,2024-01-27 11:00:00,In Stock,7594.400000000001
P0637,Product 637,Electronics,537,65.58,33,B2,2024-01-27 12:00:00,In Stock,35216.46
P0638,Product 638,Home,261,369.08,23,A2,2024-01-27 13:00:00,In Stock,96329.87999999999
P0639,Product 639,Books,395,121.75,25,C1,2024-01-27 14:00:00,In Stock,48091.25
P0640,Product 640,Home,955,188.85,8,B2,2024-01-27 15:00:00,Low Stock,180351.75
P0641,Product 641,Books,226,35.96,45,B2,2024-01-27 16:00:00,In Stock,8126.96
P0642,Product 642,Home,984,401.68,22,A1,2024-01-27 17:00:00,In Stock,395253.12
P0643,Product 643,Home,124,384.46,4,B2,2024-01-27 18:00:00,In Stock,47673.04
P0644,Product 644,Food,975,368.14,40,A1,2024-01-27 19:00:00,In Stock,358936.5
P0645,Product 645,Home,38,153.22,3,C1,2024-01-27 20:00:00,In Stock,5822.36
P0646,Product 646,Clothing,328,90.87,29,C2,2024-01-27 21:00:00,In Stock,29805.36
P0647,Product 647,Food,251,320.59,41,C2,2024-01-27 22:00:00,In Stock,80468.09
P0648,Product 648,Home,901,250.6,29,C1,2024-01-27 23:00:00,In Stock,225790.6
P0649,Product 649,Electronics,176,93.23,34,C1,2024-01-28 00:00:00,In Stock,16408.48
P0650,Product 650,Clothing,602,344.53,34,B1,2024-01-28 01:00:00,In Stock,207407.06
P0651,Product 651,Clothing,914,495.61,28,C1,2024-01-28 02:00:00,In Stock,452987.54000000004
P0652,Product 652,Clothing,454,374.87,13,B2,2024-01-28 03:00:00,In Stock,170190.98
P0653,Product 653,Food,37,371.29,15,C2,2024-01-28 04:00:00,In Stock,13737.730000000001
P0654,Product 654,Home,316,475.4,23,A2,2024-01-28 05:00:00,In Stock,150226.4
P0655,Product 655,Home,688,105.45,44,C2,2024-01-28 06:00:00,In Stock,72549.6
P0656,Product 656,Electronics,973,284.95,26,A1,2024-01-28 07:00:00,In Stock,277256.35
P0657,Product 657,Electronics,796,489.93,4,C2,2024-01-28 08:00:00,In Stock,389984.28
P0658,Product 658,Clothing,965,86.82,26,B1,2024-01-28 09:00:00,In Stock,83781.29999999999
P0659,Product 659,Electronics,973,351.62,40,C1,2024-01-28 10:00:00,Low Stock,342126.26
P0660,Product 660,Food,593,294.98,9,C1,2024-01-28 11:00:00,In Stock,174923.14
P0661,Product 661,Home,114,295.31,5,C2,2024-01-28 12:00:00,Low Stock,33665.340000000004
P0662,Product 662,Clothing,40,350.35,32,A2,2024-01-28 13:00:00,In Stock,14014.0
P0663,Product 663,Electronics,301,465.16,20,A2,2024-01-28 14:00:00,In Stock,140013.16
P0664,Product 664,Food,224,392.38,11,B1,2024-01-28 15:00:00,In Stock,87893.12
P0665,Product 665,Food,318,32.79,15,A1,2024-01-28 16:00:00,In Stock,10427.22
P0666,Product 666,Electronics,349,427.1,32,C2,2024-01-28 17:00:00,In Stock,149057.9
P0667,Product 667,Home,115,116.64,28,C1,2024-01-28 18:00:00,In Stock,13413.6
P0668,Product 668,Electronics,698,191.57,22,C2,2024-01-28 19:00:00,In Stock,133715.86
P0669,Product 669,Clothing,323,233.56,41,B1,2024-01-28 20:00:00,In Stock,75439.88
P0670,Product 670,Electronics,568,243.05,17,B2,2024-01-28 21:00:00,Low Stock,138052.4
P0671,Product 671,Food,40,220.41,26,B2,2024-01-28 22:00:00,Low Stock,8816.4
P0672,Product 672,Electronics,866,468.99,44,B1,2024-01-28 23:00:00,In Stock,406145.34
P0673,Product 673,Home,40,354.48,7,C1,2024-01-29 00:00:00,In Stock,14179.2
P0674,Product 674,Books,859,317.43,42,B1,2024-01-29 01:00:00,In Stock,272672.37
P0675,Product 675,Electronics,973,29.67,26,C1,2024-01-29 02:00:00,In Stock,28868.91
P0676,Product 676,Home,749,452.44,25,A2,2024-01-29 03:00:00,In Stock,338877.56
P0677,Product 677,Home,289,455.15,10,B1,2024-01-29 04:00:00,Out of Stock,131538.35
P0678,Product 678,Food,262,391.21,45,C1,2024-01-29 05:00:00,In Stock,102497.01999999999
P0679,Product 679,Home,216,8.48,19,B1,2024-01-29 06:00:00,In Stock,1831.68
P0680,Product 680,Home,147,33.35,11,B1,2024-01-29 07:00:00,In Stock,4902.45
P0681,Product 681,Home,336,116.49,13,C1,2024-01-29 08:00:00,Low Stock,39140.64
P0682,Product 682,Home,168,70.02,8,C1,2024-01-29 09:00:00,In Stock,11763.359999999999
P0683,Product 683,Clothing,92,202.42,40,A1,2024-01-29 10:00:00,In Stock,18622.64
P0684,Product 684,Clothing,353,461.7,4,B1,2024-01-29 11:00:00,Out of Stock,162980.1
P0685,Product 685,Food,571,238.67,47,B2,2024-01-29 12:00:00,In Stock,136280.57
P0686,Product 686,Electronics,571,11.63,31,B1,2024-01-29 13:00:00,Low Stock,6640.7300000000005
P0687,Product 687,Home,816,144.96,28,B1,2024-01-29 14:00:00,In Stock,118287.36
P0688,Product 688,Electronics,681,27.07,11,C1,2024-01-29 15:00:00,Low Stock,18434.670000000002
P0689,Product 689,Electronics,781,22.96,43,B1,2024-01-29 16:00:00,In Stock,17931.760000000002
P0690,Product 690,Food,363,141.48,1,C2,2024-01-29 17:00:00,In Stock,51357.24
P0691,Product 691,Home,557,141.43,49,B1,2024-01-29 18:00:00,Low Stock,78776.51000000001
P0692,Product 692,Home,345,394.63,47,C2,2024-01-29 19:00:00,In Stock,136147.35
P0693,Product 693,Books,693,487.54,38,B2,2024-01-29 20:00:00,In Stock,337865.22000000003
P0694,Product 694,Electronics,170,188.75,24,C1,2024-01-29 21:00:00,In Stock,32087.5
P0695,Product 695,Electronics,356,217.3,47,B1,2024-01-29 22:00:00,In Stock,77358.8
P0696,Product 696,Clothing,191,423.17,31,C2,2024-01-29 23:00:00,In Stock,80825.47
P0697,Product 697,Books,667,137.73,41,C2,2024-01-30 00:00:00,In Stock,91865.90999999999
P0698,Product 698,Clothing,422,82.41,46,C2,2024-01-30 01:00:00,In Stock,34777.02
P0699,Product 699,Clothing,700,427.28,26,A2,2024-01-30 02:00:00,In Stock,299096.0
P0700,Product 700,Clothing,7,28.02,49,A1,2024-01-30 03:00:00,In Stock,196.14
P0701,Product 701,Food,133,311.75,5,B2,2024-01-30 04:00:00,In Stock,41462.75
P0702,Product 702,Food,747,283.19,20,B1,2024-01-30 05:00:00,Low Stock,211542.93
P0703,Product 703,Clothing,557,176.23,41,A2,2024-01-30 06:00:00,Low Stock,98160.11
P0704,Product 704,Books,826,161.02,11,B1,2024-01-30 07:00:00,Low Stock,133002.52000000002
P0705,Product 705,Electronics,761,387.07,33,B1,2024-01-30 08:00:00,In Stock,294560.27
P0706,Product 706,Books,31,47.78,38,C1,2024-01-30 09:00:00,In Stock,1481.18
P0707,Product 707,Home,535,122.21,27,C1,2024-01-30 10:00:00,In Stock,65382.35
P0708,Product 708,Food,426,367.56,34,C1,2024-01-30 11:00:00,In Stock,156580.56
P0709,Product 709,Electronics,394,276.42,15,A2,2024-01-30 12:00:00,In Stock,108909.48000000001
P0710,Product 710,Electronics,672,68.35,32,B1,2024-01-30 13:00:00,In Stock,45931.2
P0711,Product 711,Home,363,441.66,21,A1,2024-01-30 14:00:00,In Stock,160322.58000000002
P0712,Product 712,Home,437,199.76,46,B2,2024-01-30 15:00:00,Low Stock,87295.12
P0713,Product 713,Clothing,670,414.79,5,C1,2024-01-30 16:00:00,In Stock,277909.3
P0714,Product 714,Food,551,394.92,6,C1,2024-01-30 17:00:00,In Stock,217600.92
P0715,Product 715,Food,927,314.09,38,B1,2024-01-30 18:00:00,In Stock,291161.43
P0716,Product 716,Books,82,249.77,22,B1,2024-01-30 19:00:00,In Stock,20481.14
P0717,Product 717,Clothing,356,489.88,18,A2,2024-01-30 20:00:00,Low Stock,174397.28
P0718,Product 718,Clothing,258,76.76,14,A2,2024-01-30 21:00:00,In Stock,19804.08
P0719,Product 719,Clothing,718,363.95,10,C1,2024-01-30 22:00:00,In Stock,261316.1
P0720,Product 720,Clothing,589,99.64,46,B1,2024-01-30 23:00:00,In Stock,58687.96
P0721,Product 721,Food,989,172.44,13,A1,2024-01-31 00:00:00,In Stock,170543.16
P0722,Product 722,Food,524,157.81,31,B2,2024-01-31 01:00:00,In Stock,82692.44
P0723,Product 723,Clothing,295,473.78,30,B1,2024-01-31 02:00:00,Low Stock,139765.1
P0724,Product 724,Books,962,483.84,3,B1,2024-01-31 03:00:00,Low Stock,465454.07999999996
P0725,Product 725,Electronics,224,95.59,30,C2,2024-01-31 04:00:00,Low Stock,21412.16
P0726,Product 726,Electronics,525,15.91,6,A2,2024-01-31 05:00:00,In Stock,8352.75
P0727,Product 727,Books,46,361.4,29,B2,2024-01-31 06:00:00,Low Stock,16624.399999999998
P0728,Product 728,Clothing,667,211.91,8,C1,2024-01-31 07:00:00,In Stock,141343.97
P0729,Product 729,Food,113,48.98,44,B1,2024-01-31 08:00:00,In Stock,5534.74
P0730,Product 730,Electronics,233,343.46,45,C1,2024-01-31 09:00:00,In Stock,80026.18
P0731,Product 731,Home,17,274.83,43,B1,2024-01-31 10:00:00,In Stock,4672.11
P0732,Product 732,Home,360,490.36,44,C1,2024-01-31 11:00:00,In Stock,176529.6
P0733,Product 733,Books,223,117.57,33,B2,2024-01-31 12:00:00,Low Stock,26218.109999999997
P0734,Product 734,Clothing,866,204.97,17,A2,2024-01-31 13:00:00,In Stock,177504.02
P0735,Product 735,Electronics,700,273.56,48,B2,2024-01-31 14:00:00,In Stock,191492.0
P0736,Product 736,Clothing,448,396.89,11,C2,2024-01-31 15:00:00,In Stock,177806.72
P0737,Product 737,Electronics,856,276.68,13,A1,2024-01-31 16:00:00,Low Stock,236838.08000000002
P0738,Product 738,Books,365,308.39,11,A2,2024-01-31 17:00:00,Out of Stock,112562.34999999999
P0739,Product 739,Books,675,116.94,31,B2,2024-01-31 18:00:00,Low Stock,78934.5
P0740,Product 740,Home,326,424.22,28,C2,2024-01-31 19:00:00,In Stock,138295.72
P0741,Product 741,Clothing,467,217.17,44,A1,2024-01-31 20:00:00,In Stock,101418.39
P0742,Product 742,Home,414,74.78,6,C2,2024-01-31 21:00:00,In Stock,30958.920000000002
P0743,Product 743,Clothing,455,333.77,41,B1,2024-01-31 22:00:00,In Stock,151865.35
P0744,Product 744,Home,586,111.96,16,B1,2024-01-31 23:00:00,In Stock,65608.56
P0745,Product 745,Food,233,53.29,4,C1,2024-02-01 00:00:00,In Stock,12416.57
P0746,Product 746,Food,224,431.68,35,A2,2024-02-01 01:00:00,In Stock,96696.32
P0747,Product 747,Food,994,232.78,48,B1,2024-02-01 02:00:00,Out of Stock,231383.32
P0748,Product 748,Food,831,375.9,26,C2,2024-02-01 03:00:00,In Stock,312372.89999999997
P0749,Product 749,Electronics,412,148.84,12,A2,2024-02-01 04:00:00,In Stock,61322.08
P0750,Product 750,Food,572,394.55,11,B1,2024-02-01 05:00:00,In Stock,225682.6
P0751,Product 751,Books,335,60.41,37,C1,2024-02-01 06:00:00,Low Stock,20237.35
P0752,Product 752,Books,222,181.21,25,B2,2024-02-01 07:00:00,Low Stock,40228.62
P0753,Product 753,Electronics,37,489.14,18,C1,2024-02-01 08:00:00,Low Stock,18098.18
P0754,Product 754,Food,989,398.02,19,A1,2024-02-01 09:00:00,Low Stock,393641.77999999997
P0755,Product 755,Food,278,251.14,23,B1,2024-02-01 10:00:00,In Stock,69816.92
P0756,Product 756,Food,196,173.19,38,A1,2024-02-01 11:00:00,In Stock,33945.24
P0757,Product 757,Home,916,436.71,18,A1,2024-02-01 12:00:00,In Stock,400026.36
P0758,Product 758,Clothing,864,274.7,26,C2,2024-02-01 13:00:00,In Stock,237340.8
P0759,Product 759,Home,484,380.42,6,A2,2024-02-01 14:00:00,In Stock,184123.28
P0760,Product 760,Clothing,242,378.28,4,C2,2024-02-01 15:00:00,In Stock,91543.76
P0761,Product 761,Food,324,13.88,44,B1,2024-02-01 16:00:00,Low Stock,4497.12
P0762,Product 762,Food,731,67.5,29,A1,2024-02-01 17:00:00,Out of Stock,49342.5
P0763,Product 763,Home,192,331.52,34,B2,2024-02-01 18:00:00,Low Stock,63651.84
P0764,Product 764,Home,17,85.0,17,A1,2024-02-01 19:00:00,Low Stock,1445.0
P0765,Product 765,Clothing,524,131.47,43,B2,2024-02-01 20:00:00,In Stock,68890.28
P0766,Product 766,Books,918,473.59,43,C2,2024-02-01 21:00:00,In Stock,434755.62
P0767,Product 767,Clothing,401,282.29,16,C2,2024-02-01 22:00:00,In Stock,113198.29000000001
P0768,Product 768,Home,906,376.61,2,A2,2024-02-01 23:00:00,In Stock,341208.66000000003
P0769,Product 769,Home,886,281.2,34,A1,2024-02-02 00:00:00,Low Stock,249143.19999999998
P0770,Product 770,Electronics,705,278.49,8,C1,2024-02-02 01:00:00,In Stock,196335.45
P0771,Product 771,Home,22,51.61,13,C2,2024-02-02 02:00:00,Low Stock,1135.42
P0772,Product 772,Electronics,474,175.11,42,C2,2024-02-02 03:00:00,In Stock,83002.14
P0773,Product 773,Books,120,144.8,8,A2,2024-02-02 04:00:00,In Stock,17376.0
P0774,Product 774,Clothing,210,198.41,30,B2,2024-02-02 05:00:00,In Stock,41666.1
P0775,Product 775,Clothing,306,400.18,32,A2,2024-02-02 06:00:00,In Stock,122455.08
P0776,Product 776,Electronics,270,189.11,36,A1,2024-02-02 07:00:00,In Stock,51059.700000000004
P0777,Product 777,Clothing,704,228.59,47,B1,2024-02-02 08:00:00,In Stock,160927.36000000002
P0778,Product 778,Home,687,201.7,30,B1,2024-02-02 09:00:00,Low Stock,138567.9
P0779,Product 779,Food,285,51.24,1,B2,2024-02-02 10:00:00,In Stock,14603.400000000001
P0780,Product 780,Electronics,716,223.33,43,C2,2024-02-02 11:00:00,In Stock,159904.28
P0781,Product 781,Clothing,676,101.83,39,B2,2024-02-02 12:00:00,In Stock,68837.08
P0782,Product 782,Electronics,763,97.43,17,C2,2024-02-02 13:00:00,In Stock,74339.09000000001
P0783,Product 783,Electronics,227,51.55,20,C2,2024-02-02 14:00:00,Out of Stock,11701.849999999999
P0784,Product 784,Food,948,181.55,24,B1,2024-02-02 15:00:00,In Stock,172109.40000000002
P0785,Product 785,Home,381,379.95,22,B2,2024-02-02 16:00:00,Out of Stock,144760.94999999998
P0786,Product 786,Electronics,460,141.84,29,A2,2024-02-02 17:00:00,In Stock,65246.4
P0787,Product 787,Clothing,7,159.61,22,C2,2024-02-02 18:00:00,Out of Stock,1117.27
P0788,Product 788,Books,29,323.12,44,C1,2024-02-02 19:00:00,In Stock,9370.48
P0789,Product 789,Electronics,907,101.94,9,C1,2024-02-02 20:00:00,In Stock,92459.58
P0790,Product 790,Electronics,33,448.99,37,A2,2024-02-02 21:00:00,In Stock,14816.67
P0791,Product 791,Food,646,262.49,10,C1,2024-02-02 22:00:00,In Stock,169568.54
P0792,Product 792,Home,879,226.56,36,A1,2024-02-02 23:00:00,In Stock,199146.24
P0793,Product 793,Books,79,281.12,37,C2,2024-02-03 00:00:00,In Stock,22208.48
P0794,Product 794,Clothing,928,87.19,28,A2,2024-02-03 01:00:00,In Stock,80912.31999999999
P0795,Product 795,Books,947,308.67,28,B2,2024-02-03 02:00:00,In Stock,292310.49
P0796,Product 796,Clothing,459,184.73,42,C2,2024-02-03 03:00:00,In Stock,84791.06999999999
P0797,Product 797,Home,570,449.11,43,A2,2024-02-03 04:00:00,Low Stock,255992.7
P0798,Product 798,Clothing,983,88.58,21,B1,2024-02-03 05:00:00,In Stock,87074.14
P0799,Product 799,Food,538,255.99,24,B2,2024-02-03 06:00:00,In Stock,137722.62
P0800,Product 800,Food,482,301.07,42,B1,2024-02-03 07:00:00,In Stock,145115.74
P0801,Product 801,Food,430,21.52,40,C2,2024-02-03 08:00:00,Low Stock,9253.6
P0802,Product 802,Food,738,185.03,2,B2,2024-02-03 09:00:00,In Stock,136552.14
P0803,Product 803,Books,285,367.65,8,C1,2024-02-03 10:00:00,In Stock,104780.25
P0804,Product 804,Home,516,411.09,48,A2,2024-02-03 11:00:00,Out of Stock,212122.43999999997
P0805,Product 805,Clothing,977,160.02,27,C2,2024-02-03 12:00:00,Low Stock,156339.54
P0806,Product 806,Clothing,99,400.3,22,A1,2024-02-03 13:00:00,In Stock,39629.700000000004
P0807,Product 807,Food,397,484.04,37,B2,2024-02-03 14:00:00,In Stock,192163.88
P0808,Product 808,Food,489,429.15,27,B2,2024-02-03 15:00:00,Low Stock,209854.34999999998
P0809,Product 809,Electronics,39,63.23,29,C2,2024-02-03 16:00:00,In Stock,2465.97
P0810,Product 810,Home,271,371.17,3,C2,2024-02-03 17:00:00,In Stock,100587.07
P0811,Product 811,Books,887,163.24,44,B1,2024-02-03 18:00:00,In Stock,144793.88
P0812,Product 812,Clothing,797,494.27,13,C1,2024-02-03 19:00:00,Low Stock,393933.19
P0813,Product 813,Electronics,157,245.25,45,B1,2024-02-03 20:00:00,In Stock,38504.25
P0814,Product 814,Electronics,75,65.6,10,B1,2024-02-03 21:00:00,Low Stock,4920.0
P0815,Product 815,Clothing,884,363.97,36,C1,2024-02-03 22:00:00,In Stock,321749.48000000004
P0816,Product 816,Books,800,164.89,9,A1,2024-02-03 23:00:00,In Stock,131912.0
P0817,Product 817,Electronics,130,498.55,27,B1,2024-02-04 00:00:00,In Stock,64811.5
P0818,Product 818,Electronics,687,489.99,34,B1,2024-02-04 01:00:00,In Stock,336623.13
P0819,Product 819,Home,974,329.79,1,B2,2024-02-04 02:00:00,Out of Stock,321215.46
P0820,Product 820,Books,84,69.26,32,C1,2024-02-04 03:00:00,Low Stock,5817.84
P0821,Product 821,Electronics,22,345.0,25,A2,2024-02-04 04:00:00,In Stock,7590.0
P0822,Product 822,Books,459,51.05,29,A1,2024-02-04 05:00:00,In Stock,23431.949999999997
P0823,Product 823,Clothing,539,19.54,7,A1,2024-02-04 06:00:00,In Stock,10532.06
P0824,Product 824,Food,707,412.36,49,C1,2024-02-04 07:00:00,In Stock,291538.52
P0825,Product 825,Electronics,849,108.83,3,C2,2024-02-04 08:00:00,In Stock,92396.67
P0826,Product 826,Home,382,192.62,20,C2,2024-02-04 09:00:00,In Stock,73580.84
P0827,Product 827,Clothing,748,486.86,20,B2,2024-02-04 10:00:00,In Stock,364171.28
P0828,Product 828,Books,440,171.74,30,B2,2024-02-04 11:00:00,Low Stock,75565.6
P0829,Product 829,Clothing,604,151.76,35,C1,2024-02-04 12:00:00,Out of Stock,91663.04
P0830,Product 830,Electronics,989,459.51,35,B2,2024-02-04 13:00:00,In Stock,454455.39
P0831,Product 831,Books,21,59.82,49,A1,2024-02-04 14:00:00,Low Stock,1256.22
P0832,Product 832,Food,303,380.99,39,A1,2024-02-04 15:00:00,In Stock,115439.97
P0833,Product 833,Clothing,976,494.09,27,A2,2024-02-04 16:00:00,In Stock,482231.83999999997
P0834,Product 834,Electronics,869,451.14,26,C2,2024-02-04 17:00:00,In Stock,392040.66
P0835,Product 835,Home,955,327.58,14,C1,2024-02-04 18:00:00,In Stock,312838.89999999997
P0836,Product 836,Books,84,160.46,17,B1,2024-02-04 19:00:00,In Stock,13478.640000000001
P0837,Product 837,Clothing,774,130.89,18,C2,2024-02-04 20:00:00,In Stock,101308.85999999999
P0838,Product 838,Clothing,659,410.53,45,B1,2024-02-04 21:00:00,Low Stock,270539.26999999996
P0839,Product 839,Food,953,440.51,29,A2,2024-02-04 22:00:00,Low Stock,419806.02999999997
P0840,Product 840,Food,453,265.09,20,A2,2024-02-04 23:00:00,In Stock,120085.76999999999
P0841,Product 841,Home,387,125.95,27,B2,2024-02-05 00:00:00,Low Stock,48742.65
P0842,Product 842,Home,507,60.91,18,A2,2024-02-05 01:00:00,In Stock,30881.37
P0843,Product 843,Electronics,257,48.15,4,A2,2024-02-05 02:00:00,In Stock,12374.55
P0844,Product 844,Electronics,570,360.94,1,B1,2024-02-05 03:00:00,In Stock,205735.8
P0845,Product 845,Home,892,212.96,1,B2,2024-02-05 04:00:00,In Stock,189960.32
P0846,Product 846,Home,934,453.15,26,A2,2024-02-05 05:00:00,In Stock,423242.1
P0847,Product 847,Books,527,371.14,45,C2,2024-02-05 06:00:00,In Stock,195590.78
P0848,Product 848,Food,162,99.67,20,A2,2024-02-05 07:00:00,In Stock,16146.54
P0849,Product 849,Electronics,957,308.82,23,B2,2024-02-05 08:00:00,Low Stock,295540.74
P0850,Product 850,Food,163,220.58,10,C1,2024-02-05 09:00:00,In Stock,35954.54
P0851,Product 851,Food,832,290.74,11,B2,2024-02-05 10:00:00,In Stock,241895.68
P0852,Product 852,Home,793,370.34,41,B1,2024-02-05 11:00:00,In Stock,293679.62
P0853,Product 853,Books,792,404.07,41,C1,2024-02-05 12:00:00,In Stock,320023.44
P0854,Product 854,Clothing,524,422.65,5,C2,2024-02-05 13:00:00,In Stock,221468.59999999998
P0855,Product 855,Books,786,130.72,1,A1,2024-02-05 14:00:00,Low Stock,102745.92
P0856,Product 856,Books,271,20.4,17,B2,2024-02-05 15:00:00,In Stock,5528.4
P0857,Product 857,Food,492,370.95,22,B1,2024-02-05 16:00:00,In Stock,182507.4
P0858,Product 858,Books,208,57.64,34,C2,2024-02-05 17:00:00,In Stock,11989.12
P0859,Product 859,Electronics,539,160.89,45,C1,2024-02-05 18:00:00,In Stock,86719.70999999999
P0860,Product 860,Food,584,6.89,41,C2,2024-02-05 19:00:00,In Stock,4023.7599999999998
P0861,Product 861,Electronics,60,342.43,29,B2,2024-02-05 20:00:00,In Stock,20545.8
P0862,Product 862,Clothing,430,87.73,4,A2,2024-02-05 21:00:00,Low Stock,37723.9
P0863,Product 863,Food,985,329.36,5,B2,2024-02-05 22:00:00,In Stock,324419.60000000003
P0864,Product 864,Clothing,657,495.91,11,A1,2024-02-05 23:00:00,In Stock,325812.87
P0865,Product 865,Food,605,40.97,21,B2,2024-02-06 00:00:00,In Stock,24786.85
P0866,Product 866,Home,309,43.15,35,C1,2024-02-06 01:00:00,In Stock,13333.35
P0867,Product 867,Books,520,173.49,12,C1,2024-02-06 02:00:00,In Stock,90214.8
P0868,Product 868,Home,591,433.86,26,B2,2024-02-06 03:00:00,Low Stock,256411.26
P0869,Product 869,Clothing,27,111.69,19,C1,2024-02-06 04:00:00,In Stock,3015.63
P0870,Product 870,Books,686,183.39,45,A2,2024-02-06 05:00:00,In Stock,125805.54
P0871,Product 871,Food,562,38.91,7,C2,2024-02-06 06:00:00,In Stock,21867.42
P0872,Product 872,Books,199,382.76,47,B2,2024-02-06 07:00:00,In Stock,76169.24
P0873,Product 873,Electronics,387,207.11,7,A2,2024-02-06 08:00:00,In Stock,80151.57
P0874,Product 874,Books,349,380.83,26,C2,2024-02-06 09:00:00,In Stock,132909.66999999998
P0875,Product 875,Electronics,960,452.29,40,C2,2024-02-06 10:00:00,In Stock,434198.4
P0876,Product 876,Books,940,120.22,5,A2,2024-02-06 11:00:00,In Stock,113006.8
P0877,Product 877,Electronics,693,404.66,21,B1,2024-02-06 12:00:00,Low Stock,280429.38
P0878,Product 878,Clothing,536,34.25,14,B2,2024-02-06 13:00:00,In Stock,18358.0
P0879,Product 879,Home,828,449.93,4,C2,2024-02-06 14:00:00,In Stock,372542.04
P0880,Product 880,Food,378,327.13,23,C2,2024-02-06 15:00:00,In Stock,123655.14
P0881,Product 881,Books,899,437.74,42,C1,2024-02-06 16:00:00,In Stock,393528.26
P0882,Product 882,Home,916,5.09,20,C2,2024-02-06 17:00:00,In Stock,4662.44
P0883,Product 883,Food,558,88.7,15,A2,2024-02-06 18:00:00,In Stock,49494.6
P0884,Product 884,Food,527,197.93,45,C2,2024-02-06 19:00:00,In Stock,104309.11
P0885,Product 885,Electronics,153,192.85,29,B1,2024-02-06 20:00:00,In Stock,29506.05
P0886,Product 886,Clothing,734,117.23,8,B2,2024-02-06 21:00:00,In Stock,86046.82
P0887,Product 887,Clothing,206,193.9,41,B2,2024-02-06 22:00:00,In Stock,39943.4
P0888,Product 888,Home,455,68.78,48,C2,2024-02-06 23:00:00,Low Stock,31294.9
P0889,Product 889,Clothing,273,209.32,19,A1,2024-02-07 00:00:00,In Stock,57144.36
P0890,Product 890,Books,894,402.17,48,A1,2024-02-07 01:00:00,In Stock,359539.98000000004
P0891,Product 891,Clothing,236,242.14,39,A2,2024-02-07 02:00:00,In Stock,57145.03999999999
P0892,Product 892,Home,852,13.91,46,A1,2024-02-07 03:00:00,In Stock,11851.32
P0893,Product 893,Clothing,740,213.61,28,A2,2024-02-07 04:00:00,In Stock,158071.40000000002
P0894,Product 894,Books,521,18.45,46,C1,2024-02-07 05:00:00,In Stock,9612.449999999999
P0895,Product 895,Electronics,678,483.29,27,A2,2024-02-07 06:00:00,Low Stock,327670.62
P0896,Product 896,Home,944,68.09,4,A1,2024-02-07 07:00:00,In Stock,64276.96000000001
P0897,Product 897,Electronics,956,355.31,15,C2,2024-02-07 08:00:00,In Stock,339676.36
P0898,Product 898,Electronics,831,486.52,35,C1,2024-02-07 09:00:00,In Stock,404298.12
P0899,Product 899,Electronics,726,413.89,37,A1,2024-02-07 10:00:00,In Stock,300484.14
P0900,Product 900,Food,501,351.16,1,A2,2024-02-07 11:00:00,In Stock,175931.16
P0901,Product 901,Food,117,420.53,3,B1,2024-02-07 12:00:00,Low Stock,49202.009999999995
P0902,Product 902,Electronics,386,490.99,47,B2,2024-02-07 13:00:00,In Stock,189522.14
P0903,Product 903,Home,344,312.57,24,A1,2024-02-07 14:00:00,Low Stock,107524.08
P0904,Product 904,Books,584,281.8,27,A2,2024-02-07 15:00:00,Low Stock,164571.2
P0905,Product 905,Books,395,315.98,40,C1,2024-02-07 16:00:00,Low Stock,124812.1
P0906,Product 906,Clothing,64,268.67,36,A1,2024-02-07 17:00:00,In Stock,17194.88
P0907,Product 907,Home,717,319.37,34,A1,2024-02-07 18:00:00,In Stock,228988.29
P0908,Product 908,Food,721,227.67,29,B2,2024-02-07 19:00:00,In Stock,164150.06999999998
P0909,Product 909,Electronics,72,113.13,24,A2,2024-02-07 20:00:00,In Stock,8145.36
P0910,Product 910,Clothing,789,64.52,24,B1,2024-02-07 21:00:00,In Stock,50906.28
P0911,Product 911,Books,274,38.83,42,C1,2024-02-07 22:00:00,Low Stock,10639.42
P0912,Product 912,Food,990,135.34,4,A2,2024-02-07 23:00:00,In Stock,133986.6
P0913,Product 913,Food,320,27.83,3,C1,2024-02-08 00:00:00,In Stock,8905.599999999999
P0914,Product 914,Electronics,338,285.75,34,A1,2024-02-08 01:00:00,In Stock,96583.5
P0915,Product 915,Books,366,145.5,49,B2,2024-02-08 02:00:00,In Stock,53253.0
P0916,Product 916,Home,495,413.14,23,B2,2024-02-08 03:00:00,In Stock,204504.3
P0917,Product 917,Food,607,41.75,23,C2,2024-02-08 04:00:00,Low Stock,25342.25
P0918,Product 918,Electronics,166,117.04,45,B1,2024-02-08 05:00:00,In Stock,19428.64
P0919,Product 919,Home,544,366.47,5,B2,2024-02-08 06:00:00,Low Stock,199359.68000000002
P0920,Product 920,Books,11,301.41,31,A1,2024-02-08 07:00:00,Low Stock,3315.51
P0921,Product 921,Food,301,36.92,41,B1,2024-02-08 08:00:00,Low Stock,11112.92
P0922,Product 922,Home,729,439.23,6,A2,2024-02-08 09:00:00,In Stock,320198.67000000004
P0923,Product 923,Home,801,439.24,37,B2,2024-02-08 10:00:00,Low Stock,351831.24
P0924,Product 924,Home,102,168.55,10,B1,2024-02-08 11:00:00,In Stock,17192.100000000002
P0925,Product 925,Food,425,173.5,40,A1,2024-02-08 12:00:00,In Stock,73737.5
P0926,Product 926,Food,392,494.57,7,C2,2024-02-08 13:00:00,In Stock,193871.44
P0927,Product 927,Clothing,779,314.96,39,C1,2024-02-08 14:00:00,In Stock,245353.84
P0928,Product 928,Books,214,268.0,38,C1,2024-02-08 15:00:00,In Stock,57352.0
P0929,Product 929,Electronics,691,419.89,21,A1,2024-02-08 16:00:00,In Stock,290143.99
P0930,Product 930,Home,88,146.22,20,A1,2024-02-08 17:00:00,In Stock,12867.36
P0931,Product 931,Clothing,553,217.45,3,C1,2024-02-08 18:00:00,Low Stock,120249.84999999999
P0932,Product 932,Electronics,401,137.55,22,C2,2024-02-08 19:00:00,In Stock,55157.55
P0933,Product 933,Clothing,588,395.63,47,B1,2024-02-08 20:00:00,In Stock,232630.44
P0934,Product 934,Food,889,288.81,4,C1,2024-02-08 21:00:00,In Stock,256752.09
P0935,Product 935,Home,46,331.12,28,A1,2024-02-08 22:00:00,In Stock,15231.52
P0936,Product 936,Electronics,672,129.89,12,B2,2024-02-08 23:00:00,Low Stock,87286.07999999999
P0937,Product 937,Electronics,463,114.01,38,A2,2024-02-09 00:00:00,In Stock,52786.630000000005
P0938,Product 938,Electronics,592,246.75,36,C2,2024-02-09 01:00:00,In Stock,146076.0
P0939,Product 939,Electronics,310,370.1,47,C2,2024-02-09 02:00:00,In Stock,114731.0
P0940,Product 940,Electronics,86,264.99,41,B2,2024-02-09 03:00:00,Low Stock,22789.14
P0941,Product 941,Clothing,92,21.16,5,B2,2024-02-09 04:00:00,In Stock,1946.72
P0942,Product 942,Home,660,434.93,13,A1,2024-02-09 05:00:00,Low Stock,287053.8
P0943,Product 943,Food,673,37.02,23,C1,2024-02-09 06:00:00,In Stock,24914.460000000003
P0944,Product 944,Food,714,478.13,30,B1,2024-02-09 07:00:00,In Stock,341384.82
P0945,Product 945,Food,936,17.45,37,C2,2024-02-09 08:00:00,In Stock,16333.199999999999
P0946,Product 946,Food,928,348.75,25,C2,2024-02-09 09:00:00,Low Stock,323640.0
P0947,Product 947,Clothing,242,45.69,48,B2,2024-02-09 10:00:00,In Stock,11056.98
P0948,Product 948,Books,865,455.78,27,C1,2024-02-09 11:00:00,In Stock,394249.69999999995
P0949,Product 949,Home,2,234.89,14,C2,2024-02-09 12:00:00,In Stock,469.78
P0950,Product 950,Electronics,225,73.07,48,B1,2024-02-09 13:00:00,In Stock,16440.75
P0951,Product 951,Books,801,173.7,47,B2,2024-02-09 14:00:00,In Stock,139133.69999999998
P0952,Product 952,Food,745,86.59,36,B1,2024-02-09 15:00:00,Out of Stock,64509.55
P0953,Product 953,Books,973,89.44,39,C1,2024-02-09 16:00:00,In Stock,87025.12
P0954,Product 954,Home,926,474.31,16,C2,2024-02-09 17:00:00,In Stock,439211.06
P0955,Product 955,Electronics,929,225.4,22,A2,2024-02-09 18:00:00,Low Stock,209396.6
P0956,Product 956,Electronics,589,395.46,21,C2,2024-02-09 19:00:00,In Stock,232925.94
P0957,Product 957,Home,116,321.6,21,C1,2024-02-09 20:00:00,In Stock,37305.600000000006
P0958,Product 958,Home,666,339.83,8,C2,2024-02-09 21:00:00,In Stock,226326.78
P0959,Product 959,Food,918,70.19,49,C2,2024-02-09 22:00:00,In Stock,64434.42
P0960,Product 960,Electronics,103,120.92,16,A1,2024-02-09 23:00:00,In Stock,12454.76
P0961,Product 961,Books,194,394.44,31,C2,2024-02-10 00:00:00,In Stock,76521.36
P0962,Product 962,Clothing,166,485.53,42,C2,2024-02-10 01:00:00,In Stock,80597.98
P0963,Product 963,Clothing,871,135.02,10,B1,2024-02-10 02:00:00,In Stock,117602.42000000001
P0964,Product 964,Home,90,139.43,32,A2,2024-02-10 03:00:00,Low Stock,12548.7
P0965,Product 965,Food,686,239.08,34,B1,2024-02-10 04:00:00,Low Stock,164008.88
P0966,Product 966,Clothing,122,492.0,9,B1,2024-02-10 05:00:00,Low Stock,60024.0
P0967,Product 967,Electronics,143,138.13,17,B2,2024-02-10 06:00:00,Low Stock,19752.59
P0968,Product 968,Home,994,206.45,11,A1,2024-02-10 07:00:00,In Stock,205211.3
P0969,Product 969,Books,106,446.28,32,B1,2024-02-10 08:00:00,Low Stock,47305.68
P0970,Product 970,Home,887,6.45,10,C1,2024-02-10 09:00:00,In Stock,5721.150000000001
P0971,Product 971,Books,428,24.68,22,C1,2024-02-10 10:00:00,In Stock,10563.039999999999
P0972,Product 972,Home,305,304.02,17,C2,2024-02-10 11:00:00,In Stock,92726.09999999999
P0973,Product 973,Home,872,454.15,4,B2,2024-02-10 12:00:00,In Stock,396018.8
P0974,Product 974,Home,971,123.23,48,A1,2024-02-10 13:00:00,Low Stock,119656.33
P0975,Product 975,Books,317,237.47,47,A1,2024-02-10 14:00:00,Low Stock,75277.99
P0976,Product 976,Books,963,227.98,25,C2,2024-02-10 15:00:00,In Stock,219544.74
P0977,Product 977,Home,635,239.12,21,C1,2024-02-10 16:00:00,Low Stock,151841.2
P0978,Product 978,Clothing,902,313.15,37,A2,2024-02-10 17:00:00,In Stock,282461.3
P0979,Product 979,Food,9,237.52,38,B2,2024-02-10 18:00:00,In Stock,2137.6800000000003
P0980,Product 980,Food,774,226.5,49,C2,2024-02-10 19:00:00,In Stock,175311.0
P0981,Product 981,Food,73,239.77,1,B2,2024-02-10 20:00:00,In Stock,17503.21
P0982,Product 982,Books,359,297.48,25,C1,2024-02-10 21:00:00,Low Stock,106795.32
P0983,Product 983,Books,223,270.82,36,C1,2024-02-10 22:00:00,Low Stock,60392.86
P0984,Product 984,Clothing,416,427.8,17,A2,2024-02-10 23:00:00,Low Stock,177964.80000000002
P0985,Product 985,Food,553,29.5,41,A2,2024-02-11 00:00:00,In Stock,16313.5
P0986,Product 986,Food,370,417.49,24,A1,2024-02-11 01:00:00,Low Stock,154471.30000000002
P0987,Product 987,Home,716,422.74,2,B2,2024-02-11 02:00:00,In Stock,302681.84
P0988,Product 988,Books,264,146.03,40,B2,2024-02-11 03:00:00,Low Stock,38551.92
P0989,Product 989,Food,840,234.11,15,C1,2024-02-11 04:00:00,In Stock,196652.40000000002
P0990,Product 990,Clothing,690,222.08,32,A1,2024-02-11 05:00:00,In Stock,153235.2
P0991,Product 991,Clothing,860,113.16,39,C2,2024-02-11 06:00:00,In Stock,97317.59999999999
P0992,Product 992,Food,318,201.41,6,B2,2024-02-11 07:00:00,In Stock,64048.38
P0993,Product 993,Books,84,26.97,1,A1,2024-02-11 08:00:00,In Stock,2265.48
P0994,Product 994,Clothing,318,142.52,47,A1,2024-02-11 09:00:00,In Stock,45321.36
P0995,Product 995,Home,111,409.26,23,C1,2024-02-11 10:00:00,In Stock,45427.86
P0996,Product 996,Clothing,251,145.86,39,A1,2024-02-11 11:00:00,In Stock,36610.86
P0997,Product 997,Electronics,383,410.01,17,A2,2024-02-11 12:00:00,In Stock,157033.83
P0998,Product 998,Electronics,7,268.14,34,A2,2024-02-11 13:00:00,In Stock,1876.98
P0999,Product 999,Books,459,440.53,41,B1,2024-02-11 14:00:00,In Stock,202203.27
P1000,Product 1000,Food,84,289.52,29,C1,2024-02-11 15:00:00,In Stock,24319.68
