-- CCGL仓储管理系统示例数据
-- Sample Data for CCGL Warehouse Management System

USE ccgl_warehouse;

-- 禁用外键检查以便插入数据
SET FOREIGN_KEY_CHECKS = 0;

-- ============================
-- 仓库基础数据
-- ============================

INSERT INTO warehouses (warehouse_code, warehouse_name, address, city, province, manager_name, contact_phone, email, storage_capacity, current_utilization, warehouse_type, status, established_date) VALUES
('WH001', '北京智能仓储中心', '北京市朝阳区科技园区创新大街100号', '北京', '北京市', '张明', '010-12345678', 'zhang.ming@ccgl.com', 50000.00, 75.50, '主仓库', '运营中', '2020-01-15'),
('WH002', '上海物流枢纽', '上海市浦东新区外高桥保税区物流大道200号', '上海', '上海市', '李华', '021-87654321', 'li.hua@ccgl.com', 80000.00, 82.30, '主仓库', '运营中', '2019-06-20'),
('WH003', '广州配送中心', '广州市白云区机场路物流园区300号', '广州', '广东省', '王芳', '020-11223344', 'wang.fang@ccgl.com', 35000.00, 68.90, '配送中心', '运营中', '2021-03-10'),
('WH004', '深圳电商仓库', '深圳市宝安区福永街道电商产业园400号', '深圳', '广东省', '刘强', '0755-99887766', 'liu.qiang@ccgl.com', 25000.00, 71.20, '前置仓', '运营中', '2021-09-05'),
('WH005', '成都西南中心', '成都市双流区西南物流中心500号', '成都', '四川省', '陈洁', '028-55667788', 'chen.jie@ccgl.com', 45000.00, 65.40, '主仓库', '运营中', '2022-01-12');

-- ============================
-- 供应商数据
-- ============================

INSERT INTO suppliers (supplier_code, supplier_name, contact_person, contact_phone, email, address, city, province, credit_rating, payment_terms, lead_time_days, quality_score, contract_start_date, contract_end_date, status) VALUES
('SUP001', '华为技术有限公司', '张技术', '0755-12345678', 'zhang.js@huawei.com', '深圳市龙岗区华为基地', '深圳', '广东省', 'A', '月结30天', 5, 0.95, '2023-01-01', '2025-12-31', '活跃'),
('SUP002', '小米科技有限公司', '李产品', '010-87654321', 'li.cp@xiaomi.com', '北京市海淀区小米科技园', '北京', '北京市', 'A', '月结45天', 7, 0.92, '2023-01-01', '2025-12-31', '活跃'),
('SUP003', '苹果电脑贸易（上海）有限公司', 'John Smith', '021-11223344', 'john.smith@apple.com', '上海市浦东新区苹果大楼', '上海', '上海市', 'A', '月结60天', 10, 0.98, '2023-01-01', '2025-12-31', '活跃'),
('SUP004', '三星（中国）投资有限公司', '朴智慧', '010-99887766', 'park.zh@samsung.com', '北京市朝阳区三星大厦', '北京', '北京市', 'A', '月结30天', 6, 0.90, '2023-01-01', '2025-12-31', '活跃'),
('SUP005', '联想集团有限公司', '王研发', '010-55667788', 'wang.yf@lenovo.com', '北京市海淀区联想园区', '北京', '北京市', 'B', '月结30天', 5, 0.88, '2023-01-01', '2025-12-31', '活跃'),
('SUP006', 'OPPO广东移动通信有限公司', '陈市场', '0769-33445566', 'chen.sc@oppo.com', '东莞市长安镇OPPO总部', '东莞', '广东省', 'B', '月结30天', 4, 0.89, '2023-01-01', '2025-12-31', '活跃'),
('SUP007', 'vivo通信科技有限公司', '赵销售', '0769-77889900', 'zhao.xs@vivo.com', '东莞市长安镇vivo产业园', '东莞', '广东省', 'B', '月结30天', 4, 0.87, '2023-01-01', '2025-12-31', '活跃');

-- ============================
-- 产品类别数据
-- ============================

INSERT INTO product_categories (category_code, category_name, parent_category_id, description, storage_requirements, handling_instructions) VALUES
('CAT001', '电子产品', NULL, '各类电子消费产品', '温度18-25℃，湿度45-65%，防静电', '轻拿轻放，避免磁场干扰'),
('CAT001001', '智能手机', 1, '各品牌智能手机产品', '温度18-25℃，湿度45-65%，防静电', '防摔防压，避免液体接触'),
('CAT001002', '平板电脑', 1, '各种规格平板电脑', '温度18-25℃，湿度45-65%，防静电', '屏幕保护，避免重压'),
('CAT001003', '笔记本电脑', 1, '商用和家用笔记本', '温度18-25℃，湿度45-65%，防静电', '避免震动，保持通风'),
('CAT001004', '智能穿戴', 1, '智能手表、手环等', '温度18-25℃，湿度45-65%，防静电', '防水防尘，小心电池'),
('CAT002', '数码配件', NULL, '电子产品配件', '温度15-30℃，湿度40-70%', '分类存放，防潮防尘'),
('CAT002001', '充电设备', 6, '充电器、充电宝等', '温度15-30℃，湿度40-70%', '检查电池状态，防短路'),
('CAT002002', '音频设备', 6, '耳机、音箱等音频产品', '温度15-30℃，湿度40-70%', '避免磁场，保护音质'),
('CAT003', '智能家居', NULL, '智能家居产品', '温度10-35℃，湿度30-75%', '按产品类型分别存储'),
('CAT004', '办公设备', NULL, '办公相关电子设备', '温度15-30℃，湿度40-70%', '防尘保护，定期检查');

-- ============================
-- 产品数据
-- ============================

INSERT INTO products (product_code, product_name, category_id, brand, model, specifications, unit_of_measure, standard_price, weight, dimensions, storage_temperature_min, storage_temperature_max, storage_humidity_min, storage_humidity_max, shelf_life_days, safety_stock_level, reorder_point, maximum_stock_level, abc_classification, status) VALUES
-- 智能手机
('PRD001001', 'iPhone 15 Pro 256GB 深空黑色', 2, '苹果', 'iPhone 15 Pro', '6.1英寸屏幕，256GB存储，钛合金边框', '台', 8999.00, 0.187, '146.6x70.6x8.25mm', 18.0, 25.0, 45.0, 65.0, 1095, 50, 100, 500, 'A', '活跃'),
('PRD001002', 'iPhone 15 Pro 512GB 原色钛金属', 2, '苹果', 'iPhone 15 Pro', '6.1英寸屏幕，512GB存储，钛合金边框', '台', 10999.00, 0.187, '146.6x70.6x8.25mm', 18.0, 25.0, 45.0, 65.0, 1095, 30, 60, 300, 'A', '活跃'),
('PRD001003', 'Mate 60 Pro 512GB 雅川青', 2, '华为', 'Mate 60 Pro', '6.82英寸屏幕，512GB存储，麒麟9000S', '台', 6999.00, 0.225, '163.65x79.09x8.1mm', 18.0, 25.0, 45.0, 65.0, 1095, 80, 150, 600, 'A', '活跃'),
('PRD001004', '小米14 Ultra 16GB+1TB 黑色', 2, '小米', '小米14 Ultra', '6.73英寸屏幕，1TB存储，骁龙8 Gen3', '台', 6499.00, 0.224, '161.4x75.3x9.2mm', 18.0, 25.0, 45.0, 65.0, 1095, 60, 120, 400, 'A', '活跃'),
('PRD001005', 'Galaxy S24 Ultra 12GB+512GB 钛灰色', 2, '三星', 'Galaxy S24 Ultra', '6.8英寸屏幕，512GB存储，骁龙8 Gen3', '台', 9699.00, 0.232, '162.3x79.0x8.6mm', 18.0, 25.0, 45.0, 65.0, 1095, 40, 80, 350, 'A', '活跃'),

-- 平板电脑
('PRD002001', 'iPad Pro 12.9英寸 M2 256GB WiFi版', 3, '苹果', 'iPad Pro', '12.9英寸Liquid Retina XDR显示屏，M2芯片', '台', 8599.00, 0.682, '280.6x214.9x6.4mm', 18.0, 25.0, 45.0, 65.0, 1095, 30, 60, 200, 'A', '活跃'),
('PRD002002', 'MatePad Pro 13.2英寸 12GB+256GB', 3, '华为', 'MatePad Pro', '13.2英寸OLED曲面屏，麒麟9000S', '台', 5199.00, 0.580, '293.8x196.1x5.5mm', 18.0, 25.0, 45.0, 65.0, 1095, 25, 50, 150, 'A', '活跃'),
('PRD002003', '小米平板6 Pro 12.4英寸 12GB+256GB', 3, '小米', '小米平板6 Pro', '12.4英寸2.8K显示屏，骁龙8+ Gen1', '台', 2999.00, 0.490, '280.0x181.9x6.5mm', 18.0, 25.0, 45.0, 65.0, 1095, 40, 80, 250, 'B', '活跃'),

-- 笔记本电脑
('PRD003001', 'MacBook Pro 14英寸 M3 Pro 512GB', 4, '苹果', 'MacBook Pro', '14英寸Liquid Retina XDR显示屏，M3 Pro芯片', '台', 16999.00, 1.611, '312.6x221.2x15.5mm', 18.0, 25.0, 45.0, 65.0, 1095, 20, 40, 100, 'A', '活跃'),
('PRD003002', 'MateBook X Pro 2024 i7-1360P 16GB+1TB', 4, '华为', 'MateBook X Pro', '14.2英寸3.1K触控屏，酷睿i7-1360P', '台', 8999.00, 1.380, '310.0x221.0x14.6mm', 18.0, 25.0, 45.0, 65.0, 1095, 15, 30, 80, 'A', '活跃'),
('PRD003003', 'ThinkPad X1 Carbon Gen11 i7-1365U 16GB+512GB', 4, '联想', 'ThinkPad X1 Carbon', '14英寸2.8K防眩光屏，酷睿i7-1365U', '台', 11999.00, 1.120, '315.6x222.5x14.9mm', 18.0, 25.0, 45.0, 65.0, 1095, 25, 50, 120, 'A', '活跃'),

-- 智能穿戴
('PRD004001', 'Apple Watch Series 9 45mm GPS版', 5, '苹果', 'Apple Watch Series 9', '45mm铝金属表壳，运动型表带', '只', 3199.00, 0.038, '45x38x10.7mm', 18.0, 25.0, 45.0, 65.0, 1095, 100, 200, 800, 'B', '活跃'),
('PRD004002', 'HUAWEI WATCH GT 4 46mm', 5, '华为', 'WATCH GT 4', '46mm不锈钢表壳，氟橡胶表带', '只', 1688.00, 0.048, '46x46x10.9mm', 18.0, 25.0, 45.0, 65.0, 1095, 150, 300, 1000, 'B', '活跃'),
('PRD004003', '小米手表S3 46mm 钛金属', 5, '小米', '小米手表S3', '46mm钛金属表壳，硅胶表带', '只', 1999.00, 0.052, '46.5x46.5x10.8mm', 18.0, 25.0, 45.0, 65.0, 1095, 120, 250, 800, 'B', '活跃'),

-- 充电设备
('PRD005001', '小米67W充电宝 20000mAh', 7, '小米', '小米充电宝', '67W快充，20000mAh大容量，双向快充', '个', 199.00, 0.440, '153.5x73.5x28.5mm', 15.0, 30.0, 40.0, 70.0, 730, 500, 1000, 3000, 'C', '活跃'),
('PRD005002', 'HUAWEI SuperCharge 40W无线充电器', 7, '华为', 'SuperCharge', '40W无线快充，兼容多种设备', '个', 399.00, 0.380, '110x110x20mm', 15.0, 30.0, 40.0, 70.0, 730, 300, 600, 2000, 'C', '活跃'),
('PRD005003', 'Anker PowerCore 26800mAh便携式充电器', 7, 'Anker', 'PowerCore', '26800mAh超大容量，双USB输出', '个', 299.00, 0.490, '180x82x24mm', 15.0, 30.0, 40.0, 70.0, 730, 400, 800, 2500, 'C', '活跃'),

-- 音频设备
('PRD006001', 'AirPods Pro 第二代 USB-C', 8, '苹果', 'AirPods Pro', '主动降噪，空间音频，USB-C充电盒', '副', 1799.00, 0.061, '充电盒：45.2x60.9x21.7mm', 15.0, 30.0, 40.0, 70.0, 1095, 200, 400, 1500, 'B', '活跃'),
('PRD006002', 'FreeBuds Pro 3 陶瓷白', 8, '华为', 'FreeBuds Pro 3', '智慧动态降噪，星闪连接', '副', 1199.00, 0.054, '充电盒：67.3x49.9x24.5mm', 15.0, 30.0, 40.0, 70.0, 1095, 250, 500, 2000, 'B', '活跃'),
('PRD006003', 'Buds 4 Pro 深海蓝', 8, '小米', 'Buds 4 Pro', '48dB深度降噪，LHDC 5.0', '副', 699.00, 0.051, '充电盒：58.2x50.4x25.7mm', 15.0, 30.0, 40.0, 70.0, 1095, 300, 600, 2500, 'B', '活跃');

-- ============================
-- 库存数据
-- ============================

INSERT INTO inventory (warehouse_id, product_id, current_quantity, available_quantity, reserved_quantity, damaged_quantity, average_cost, total_value, last_stock_check_date, location_code, batch_number, expiry_date, last_movement_date) VALUES
-- 北京仓库库存
(1, 1, 156, 136, 20, 0, 8999.00, 1403844.00, '2024-01-15', 'A01-001', 'BATCH240101', '2026-12-31', '2024-01-15 10:30:00'),
(1, 2, 89, 79, 10, 0, 10999.00, 978911.00, '2024-01-15', 'A01-002', 'BATCH240101', '2026-12-31', '2024-01-15 10:30:00'),
(1, 3, 234, 214, 20, 0, 6999.00, 1637766.00, '2024-01-15', 'A01-003', 'BATCH240102', '2026-12-31', '2024-01-15 11:00:00'),
(1, 4, 178, 168, 10, 0, 6499.00, 1156822.00, '2024-01-15', 'A01-004', 'BATCH240102', '2026-12-31', '2024-01-15 11:00:00'),
(1, 5, 123, 103, 20, 0, 9699.00, 1192977.00, '2024-01-15', 'A01-005', 'BATCH240103', '2026-12-31', '2024-01-15 11:30:00'),

-- 上海仓库库存
(2, 1, 298, 278, 20, 0, 8999.00, 2681702.00, '2024-01-15', 'B01-001', 'BATCH240201', '2026-12-31', '2024-01-15 09:30:00'),
(2, 2, 167, 147, 20, 0, 10999.00, 1836833.00, '2024-01-15', 'B01-002', 'BATCH240201', '2026-12-31', '2024-01-15 09:30:00'),
(2, 6, 89, 79, 10, 0, 8599.00, 765311.00, '2024-01-15', 'B02-001', 'BATCH240202', '2026-12-31', '2024-01-15 10:00:00'),
(2, 7, 134, 124, 10, 0, 5199.00, 696666.00, '2024-01-15', 'B02-002', 'BATCH240202', '2026-12-31', '2024-01-15 10:00:00'),
(2, 8, 198, 188, 10, 0, 2999.00, 593802.00, '2024-01-15', 'B02-003', 'BATCH240203', '2026-12-31', '2024-01-15 10:30:00'),

-- 广州仓库库存
(3, 3, 345, 325, 20, 0, 6999.00, 2414655.00, '2024-01-15', 'C01-001', 'BATCH240301', '2026-12-31', '2024-01-15 08:30:00'),
(3, 4, 267, 247, 20, 0, 6499.00, 1735233.00, '2024-01-15', 'C01-002', 'BATCH240301', '2026-12-31', '2024-01-15 08:30:00'),
(3, 12, 456, 436, 20, 0, 1688.00, 769728.00, '2024-01-15', 'C03-001', 'BATCH240302', '2026-12-31', '2024-01-15 09:00:00'),
(3, 13, 389, 369, 20, 0, 1999.00, 777611.00, '2024-01-15', 'C03-002', 'BATCH240302', '2026-12-31', '2024-01-15 09:00:00'),
(3, 15, 1234, 1214, 20, 0, 199.00, 245566.00, '2024-01-15', 'C04-001', 'BATCH240303', '2025-12-31', '2024-01-15 09:30:00'),

-- 深圳仓库库存
(4, 5, 189, 169, 20, 0, 9699.00, 1833111.00, '2024-01-15', 'D01-001', 'BATCH240401', '2026-12-31', '2024-01-15 07:30:00'),
(4, 11, 567, 547, 20, 0, 1799.00, 1020033.00, '2024-01-15', 'D03-001', 'BATCH240402', '2026-12-31', '2024-01-15 08:00:00'),
(4, 16, 789, 769, 20, 0, 399.00, 314811.00, '2024-01-15', 'D04-001', 'BATCH240403', '2025-12-31', '2024-01-15 08:30:00'),
(4, 17, 634, 614, 20, 0, 299.00, 189566.00, '2024-01-15', 'D04-002', 'BATCH240403', '2025-12-31', '2024-01-15 08:30:00'),
(4, 18, 1567, 1547, 20, 0, 1799.00, 2820533.00, '2024-01-15', 'D05-001', 'BATCH240404', '2026-12-31', '2024-01-15 09:00:00'),

-- 成都仓库库存
(5, 9, 78, 58, 20, 0, 16999.00, 1325922.00, '2024-01-15', 'E01-001', 'BATCH240501', '2026-12-31', '2024-01-15 06:30:00'),
(5, 10, 45, 35, 10, 0, 8999.00, 404955.00, '2024-01-15', 'E01-002', 'BATCH240501', '2026-12-31', '2024-01-15 06:30:00'),
(5, 19, 1123, 1103, 20, 0, 1199.00, 1346477.00, '2024-01-15', 'E05-001', 'BATCH240502', '2026-12-31', '2024-01-15 07:00:00'),
(5, 20, 1456, 1436, 20, 0, 699.00, 1017744.00, '2024-01-15', 'E05-002', 'BATCH240502', '2026-12-31', '2024-01-15 07:00:00');

-- ============================
-- 采购订单数据
-- ============================

INSERT INTO purchase_orders (po_number, supplier_id, warehouse_id, po_date, expected_delivery_date, actual_delivery_date, total_amount, status, created_by, approved_by, approved_date, notes) VALUES
('PO2024010001', 1, 1, '2024-01-10', '2024-01-15', '2024-01-15', 2637726.00, '已完成', 1001, 2001, '2024-01-11', '华为产品补充库存'),
('PO2024010002', 2, 2, '2024-01-12', '2024-01-17', '2024-01-17', 1847712.00, '已完成', 1002, 2001, '2024-01-13', '小米产品新品到货'),
('PO2024010003', 3, 1, '2024-01-08', '2024-01-13', '2024-01-13', 4518543.00, '已完成', 1001, 2002, '2024-01-09', '苹果产品月度采购'),
('PO2024010004', 4, 3, '2024-01-05', '2024-01-10', '2024-01-10', 3269877.00, '已完成', 1003, 2001, '2024-01-06', '三星产品区域补货'),
('PO2024010005', 5, 5, '2024-01-15', '2024-01-20', NULL, 1624955.00, '已确认', 1005, 2003, '2024-01-16', '联想产品采购计划');

-- 采购订单明细
INSERT INTO purchase_order_details (po_id, product_id, ordered_quantity, received_quantity, unit_price, total_amount, expected_delivery_date, actual_delivery_date, quality_check_status, notes) VALUES
-- PO2024010001 - 华为产品
(1, 3, 300, 300, 6999.00, 2099700.00, '2024-01-15', '2024-01-15', '合格', '质量检验合格'),
(1, 7, 100, 100, 5199.00, 519900.00, '2024-01-15', '2024-01-15', '合格', '包装完好'),
(1, 12, 100, 100, 1688.00, 168800.00, '2024-01-15', '2024-01-15', '合格', '功能测试通过'),

-- PO2024010002 - 小米产品
(2, 4, 200, 200, 6499.00, 1299800.00, '2024-01-17', '2024-01-17', '合格', '外观检查合格'),
(2, 8, 150, 150, 2999.00, 449850.00, '2024-01-17', '2024-01-17', '合格', '屏幕测试正常'),
(2, 13, 150, 150, 1999.00, 299850.00, '2024-01-17', '2024-01-17', '合格', '表带检查合格'),

-- PO2024010003 - 苹果产品
(3, 1, 200, 200, 8999.00, 1799800.00, '2024-01-13', '2024-01-13', '合格', '激活测试正常'),
(3, 2, 100, 100, 10999.00, 1099900.00, '2024-01-13', '2024-01-13', '合格', '系统检查完成'),
(3, 6, 120, 120, 8599.00, 1031880.00, '2024-01-13', '2024-01-13', '合格', '显示效果正常'),
(3, 11, 200, 200, 1799.00, 359800.00, '2024-01-13', '2024-01-13', '合格', '配对测试成功'),

-- PO2024010004 - 三星产品
(4, 5, 150, 150, 9699.00, 1454850.00, '2024-01-10', '2024-01-10', '合格', 'S Pen功能正常'),

-- PO2024010005 - 联想产品 (待收货)
(5, 10, 50, 0, 8999.00, 449950.00, '2024-01-20', NULL, '待检验', '预计本周到货'),
(5, 9, 80, 0, 16999.00, 1359920.00, '2024-01-20', NULL, '待检验', '高端产品需特殊检验');

-- ============================
-- 销售订单数据
-- ============================

INSERT INTO sales_orders (so_number, customer_id, warehouse_id, order_date, required_delivery_date, actual_delivery_date, total_amount, status, priority, shipping_address, created_by, notes) VALUES
('SO2024010001', 3001, 1, '2024-01-16', '2024-01-18', '2024-01-18', 35996.00, '已完成', '高', '北京市朝阳区建国路88号SOHO现代城', 1001, '企业客户批量采购'),
('SO2024010002', 3002, 2, '2024-01-17', '2024-01-20', '2024-01-19', 21998.00, '已完成', '中', '上海市黄浦区南京东路99号', 1002, '零售客户购买'),
('SO2024010003', 3003, 3, '2024-01-18', '2024-01-22', NULL, 45994.00, '拣货中', '高', '广州市天河区天河路208号粤海天河城', 1003, '重要客户订单'),
('SO2024010004', 3004, 4, '2024-01-19', '2024-01-23', NULL, 19992.00, '已确认', '中', '深圳市南山区深南大道9988号', 1004, '在线订单'),
('SO2024010005', 3005, 1, '2024-01-20', '2024-01-25', NULL, 89985.00, '待处理', '紧急', '北京市海淀区中关村大街1号', 1001, '政府采购项目');

-- 销售订单明细
INSERT INTO sales_order_details (so_id, product_id, ordered_quantity, picked_quantity, shipped_quantity, unit_price, total_amount, batch_number, expiry_date, notes) VALUES
-- SO2024010001
(1, 1, 4, 4, 4, 8999.00, 35996.00, 'BATCH240101', '2026-12-31', '已发货'),

-- SO2024010002  
(2, 2, 2, 2, 2, 10999.00, 21998.00, 'BATCH240101', '2026-12-31', '已发货'),

-- SO2024010003
(3, 3, 5, 5, 0, 6999.00, 34995.00, 'BATCH240301', '2026-12-31', '已拣货待发'),
(3, 4, 2, 2, 0, 6499.00, 12998.00, 'BATCH240301', '2026-12-31', '已拣货待发'),

-- SO2024010004
(4, 5, 2, 0, 0, 9999.00, 19998.00, 'BATCH240401', '2026-12-31', '待拣货'),

-- SO2024010005
(5, 1, 10, 0, 0, 8999.00, 89990.00, 'BATCH240101', '2026-12-31', '大批量订单');

-- ============================
-- 库存变动记录
-- ============================

INSERT INTO inventory_movements (movement_type, warehouse_id, product_id, quantity, unit_cost, total_amount, batch_number, reference_number, reference_type, movement_date, operator_id, notes) VALUES
-- 入库记录 (采购订单)
('入库', 1, 3, 300, 6999.00, 2099700.00, 'BATCH240102', 'PO2024010001', '采购单', '2024-01-15 10:30:00', 1001, '华为Mate 60 Pro到货'),
('入库', 2, 7, 100, 5199.00, 519900.00, 'BATCH240202', 'PO2024010001', '采购单', '2024-01-15 10:45:00', 1002, 'MatePad Pro到货'),
('入库', 1, 12, 100, 1688.00, 168800.00, 'BATCH240302', 'PO2024010001', '采购单', '2024-01-15 11:00:00', 1001, 'HUAWEI WATCH GT 4到货'),

('入库', 2, 4, 200, 6499.00, 1299800.00, 'BATCH240102', 'PO2024010002', '采购单', '2024-01-17 09:30:00', 1002, '小米14 Ultra到货'),
('入库', 2, 8, 150, 2999.00, 449850.00, 'BATCH240203', 'PO2024010002', '采购单', '2024-01-17 09:45:00', 1002, '小米平板6 Pro到货'),
('入库', 3, 13, 150, 1999.00, 299850.00, 'BATCH240302', 'PO2024010002', '采购单', '2024-01-17 10:00:00', 1003, '小米手表S3到货'),

('入库', 1, 1, 200, 8999.00, 1799800.00, 'BATCH240101', 'PO2024010003', '采购单', '2024-01-13 08:30:00', 1001, 'iPhone 15 Pro到货'),
('入库', 1, 2, 100, 10999.00, 1099900.00, 'BATCH240101', 'PO2024010003', '采购单', '2024-01-13 08:45:00', 1001, 'iPhone 15 Pro 512GB到货'),
('入库', 2, 6, 120, 8599.00, 1031880.00, 'BATCH240202', 'PO2024010003', '采购单', '2024-01-13 09:00:00', 1002, 'iPad Pro到货'),
('入库', 4, 11, 200, 1799.00, 359800.00, 'BATCH240402', 'PO2024010003', '采购单', '2024-01-13 09:15:00', 1004, 'AirPods Pro到货'),

('入库', 3, 5, 150, 9699.00, 1454850.00, 'BATCH240301', 'PO2024010004', '采购单', '2024-01-10 07:30:00', 1003, 'Galaxy S24 Ultra到货'),

-- 出库记录 (销售订单)
('出库', 1, 1, 4, 8999.00, 35996.00, 'BATCH240101', 'SO2024010001', '销售单', '2024-01-18 14:30:00', 1001, '企业客户提货'),
('出库', 2, 2, 2, 10999.00, 21998.00, 'BATCH240101', 'SO2024010002', '销售单', '2024-01-19 15:45:00', 1002, '零售客户发货'),

-- 调拨记录
('出库', 1, 1, 50, 8999.00, 449950.00, 'BATCH240101', 'TF2024010001', '调拨单', '2024-01-20 10:00:00', 1001, '调拨至上海仓库'),
('入库', 2, 1, 50, 8999.00, 449950.00, 'BATCH240201', 'TF2024010001', '调拨单', '2024-01-20 16:30:00', 1002, '从北京仓库调入'),

-- 盘点记录
('盘点', 1, 1, 0, 8999.00, 0.00, 'BATCH240101', 'IC2024010001', '盘点单', '2024-01-21 09:00:00', 1001, '月度盘点，库存准确'),
('盘点', 2, 4, -2, 6499.00, -12998.00, 'BATCH240102', 'IC2024010002', '盘点单', '2024-01-21 10:30:00', 1002, '盘点发现短缺'),

-- 损耗记录
('损耗', 3, 15, 5, 199.00, 995.00, 'BATCH240303', 'DM2024010001', '其他', '2024-01-22 11:15:00', 1003, '运输过程损坏');

-- ============================
-- 质量检验记录
-- ============================

INSERT INTO quality_inspections (inspection_number, inspection_type, warehouse_id, product_id, batch_number, inspection_date, inspector_id, sample_quantity, passed_quantity, failed_quantity, overall_result, quality_score, defect_description, corrective_action, supplier_id, reference_number) VALUES
('QI2024010001', '入库检验', 1, 3, 'BATCH240102', '2024-01-15', 2001, 30, 30, 0, '合格', 0.95, NULL, NULL, 1, 'PO2024010001'),
('QI2024010002', '入库检验', 2, 7, 'BATCH240202', '2024-01-15', 2002, 10, 10, 0, '合格', 0.92, NULL, NULL, 1, 'PO2024010001'),
('QI2024010003', '入库检验', 1, 12, 'BATCH240302', '2024-01-15', 2001, 10, 10, 0, '合格', 0.94, NULL, NULL, 1, 'PO2024010001'),
('QI2024010004', '入库检验', 2, 4, 'BATCH240102', '2024-01-17', 2002, 20, 20, 0, '合格', 0.91, NULL, NULL, 2, 'PO2024010002'),
('QI2024010005', '入库检验', 2, 8, 'BATCH240203', '2024-01-17', 2002, 15, 15, 0, '合格', 0.93, NULL, NULL, 2, 'PO2024010002'),
('QI2024010006', '入库检验', 3, 13, 'BATCH240302', '2024-01-17', 2003, 15, 14, 1, '部分合格', 0.87, '1个表带扣不牢固', '已联系供应商更换', 2, 'PO2024010002'),
('QI2024010007', '入库检验', 1, 1, 'BATCH240101', '2024-01-13', 2001, 20, 20, 0, '合格', 0.98, NULL, NULL, 3, 'PO2024010003'),
('QI2024010008', '入库检验', 1, 2, 'BATCH240101', '2024-01-13', 2001, 10, 10, 0, '合格', 0.98, NULL, NULL, 3, 'PO2024010003'),
('QI2024010009', '入库检验', 2, 6, 'BATCH240202', '2024-01-13', 2002, 12, 12, 0, '合格', 0.97, NULL, NULL, 3, 'PO2024010003'),
('QI2024010010', '入库检验', 4, 11, 'BATCH240402', '2024-01-13', 2004, 20, 19, 1, '部分合格', 0.89, '1个充电盒轻微划痕', '不影响功能，已记录', 3, 'PO2024010003'),
('QI2024010011', '入库检验', 3, 5, 'BATCH240301', '2024-01-10', 2003, 15, 15, 0, '合格', 0.90, NULL, NULL, 4, 'PO2024010004'),
('QI2024010012', '定期检验', 1, 1, 'BATCH240101', '2024-01-21', 2001, 5, 5, 0, '合格', 0.96, NULL, NULL, NULL, 'RI2024010001');

-- ============================
-- 仓库环境监控数据
-- ============================

INSERT INTO warehouse_environment (warehouse_id, zone_code, measurement_time, temperature, humidity, air_pressure, light_level, air_quality_index, sensor_id, alert_triggered, notes) VALUES
-- 北京仓库环境数据
(1, 'A01', '2024-01-20 08:00:00', 22.5, 55.2, 1013.25, 300.5, 35, 'SENSOR_A01_001', FALSE, '环境正常'),
(1, 'A01', '2024-01-20 12:00:00', 23.1, 56.8, 1012.80, 285.3, 38, 'SENSOR_A01_001', FALSE, '环境正常'),
(1, 'A01', '2024-01-20 16:00:00', 22.8, 54.5, 1013.15, 295.7, 33, 'SENSOR_A01_001', FALSE, '环境正常'),
(1, 'A02', '2024-01-20 08:00:00', 21.9, 52.3, 1013.25, 310.2, 36, 'SENSOR_A02_001', FALSE, '环境正常'),
(1, 'A02', '2024-01-20 12:00:00', 22.7, 58.1, 1012.80, 275.8, 41, 'SENSOR_A02_001', FALSE, '环境正常'),

-- 上海仓库环境数据
(2, 'B01', '2024-01-20 08:00:00', 20.2, 62.5, 1015.20, 280.5, 45, 'SENSOR_B01_001', FALSE, '湿度略高'),
(2, 'B01', '2024-01-20 12:00:00', 21.8, 65.2, 1014.75, 265.3, 48, 'SENSOR_B01_001', FALSE, '湿度略高'),
(2, 'B01', '2024-01-20 16:00:00', 20.9, 63.8, 1015.10, 275.7, 46, 'SENSOR_B01_001', FALSE, '湿度略高'),
(2, 'B02', '2024-01-20 08:00:00', 19.8, 58.9, 1015.20, 290.2, 42, 'SENSOR_B02_001', FALSE, '环境正常'),

-- 广州仓库环境数据 (高温高湿报警)
(3, 'C01', '2024-01-20 14:00:00', 28.5, 78.2, 1008.50, 320.5, 65, 'SENSOR_C01_001', TRUE, '温湿度超标报警'),
(3, 'C01', '2024-01-20 15:00:00', 27.2, 75.8, 1009.20, 315.3, 58, 'SENSOR_C01_001', FALSE, '温湿度恢复正常'),

-- 深圳仓库环境数据
(4, 'D01', '2024-01-20 08:00:00', 24.1, 68.5, 1010.80, 295.5, 52, 'SENSOR_D01_001', FALSE, '环境正常'),
(4, 'D01', '2024-01-20 12:00:00', 25.3, 71.2, 1010.25, 280.3, 55, 'SENSOR_D01_001', FALSE, '环境正常'),

-- 成都仓库环境数据
(5, 'E01', '2024-01-20 08:00:00', 18.9, 48.5, 1018.80, 305.5, 28, 'SENSOR_E01_001', FALSE, '环境干燥'),
(5, 'E01', '2024-01-20 12:00:00', 20.7, 51.2, 1018.25, 290.3, 32, 'SENSOR_E01_001', FALSE, '环境正常');

-- ============================
-- 仓库性能指标数据
-- ============================

INSERT INTO warehouse_performance (warehouse_id, metric_date, total_inbound_orders, total_outbound_orders, total_inbound_quantity, total_outbound_quantity, average_processing_time, on_time_delivery_rate, inventory_accuracy_rate, space_utilization_rate, order_fulfillment_rate, cost_per_order, productivity_score) VALUES
-- 北京仓库性能
(1, '2024-01-15', 2, 1, 500, 4, 2.5, 95.50, 98.20, 75.50, 100.00, 25.80, 0.92),
(1, '2024-01-16', 0, 0, 0, 0, 0.0, 100.00, 98.20, 75.50, 100.00, 0.00, 0.95),
(1, '2024-01-17', 0, 1, 0, 0, 1.8, 98.50, 98.50, 75.30, 100.00, 18.50, 0.94),
(1, '2024-01-18', 0, 0, 0, 4, 0.5, 100.00, 98.50, 75.20, 100.00, 15.20, 0.96),
(1, '2024-01-19', 1, 0, 50, 0, 3.2, 95.00, 98.80, 75.40, 100.00, 28.60, 0.91),
(1, '2024-01-20', 0, 1, 0, 0, 2.1, 97.50, 98.60, 75.35, 100.00, 22.40, 0.93),

-- 上海仓库性能
(2, '2024-01-15', 2, 0, 320, 0, 2.8, 96.20, 97.50, 82.30, 100.00, 30.20, 0.89),
(2, '2024-01-16', 0, 0, 0, 0, 0.0, 100.00, 97.50, 82.30, 100.00, 0.00, 0.92),
(2, '2024-01-17', 1, 1, 150, 2, 2.2, 98.80, 97.80, 82.50, 100.00, 24.50, 0.95),
(2, '2024-01-18', 0, 0, 0, 0, 0.0, 100.00, 97.80, 82.50, 100.00, 0.00, 0.96),
(2, '2024-01-19', 0, 1, 0, 2, 1.5, 100.00, 98.00, 82.45, 100.00, 19.80, 0.97),
(2, '2024-01-20', 1, 0, 50, 0, 2.5, 97.20, 98.20, 82.60, 100.00, 26.30, 0.94),

-- 广州仓库性能
(3, '2024-01-15', 0, 0, 0, 0, 0.0, 100.00, 96.80, 68.90, 100.00, 0.00, 0.88),
(3, '2024-01-16', 0, 0, 0, 0, 0.0, 100.00, 96.80, 68.90, 100.00, 0.00, 0.90),
(3, '2024-01-17', 1, 0, 150, 0, 3.5, 94.50, 97.20, 69.10, 100.00, 32.80, 0.87),
(3, '2024-01-18', 0, 1, 0, 7, 2.8, 96.80, 97.50, 69.05, 100.00, 28.50, 0.91),
(3, '2024-01-19', 0, 0, 0, 0, 0.0, 100.00, 97.50, 69.05, 100.00, 0.00, 0.93),
(3, '2024-01-20', 0, 0, 0, 5, 0.0, 95.20, 97.20, 68.95, 100.00, 0.00, 0.89),

-- 深圳仓库性能
(4, '2024-01-15', 1, 0, 200, 0, 2.0, 98.50, 99.20, 71.20, 100.00, 22.50, 0.96),
(4, '2024-01-16', 0, 0, 0, 0, 0.0, 100.00, 99.20, 71.20, 100.00, 0.00, 0.98),
(4, '2024-01-17', 0, 0, 0, 0, 0.0, 100.00, 99.20, 71.20, 100.00, 0.00, 0.98),
(4, '2024-01-18', 0, 0, 0, 0, 0.0, 100.00, 99.20, 71.20, 100.00, 0.00, 0.98),
(4, '2024-01-19', 0, 1, 0, 2, 1.8, 99.20, 99.40, 71.15, 100.00, 20.80, 0.97),
(4, '2024-01-20', 0, 0, 0, 0, 0.0, 100.00, 99.40, 71.15, 100.00, 0.00, 0.99),

-- 成都仓库性能
(5, '2024-01-15', 1, 0, 130, 0, 3.0, 96.80, 97.80, 65.40, 100.00, 28.50, 0.90),
(5, '2024-01-16', 0, 0, 0, 0, 0.0, 100.00, 97.80, 65.40, 100.00, 0.00, 0.92),
(5, '2024-01-17', 0, 0, 0, 0, 0.0, 100.00, 97.80, 65.40, 100.00, 0.00, 0.93),
(5, '2024-01-18', 0, 0, 0, 0, 0.0, 100.00, 97.80, 65.40, 100.00, 0.00, 0.94),
(5, '2024-01-19', 0, 0, 0, 0, 0.0, 100.00, 97.80, 65.40, 100.00, 0.00, 0.95),
(5, '2024-01-20', 0, 0, 0, 0, 0.0, 100.00, 97.80, 65.40, 100.00, 0.00, 0.96);

-- 启用外键检查
SET FOREIGN_KEY_CHECKS = 1;

-- ============================
-- 数据验证查询
-- ============================

-- 验证数据插入结果
SELECT 
    '仓库数据' as table_name, 
    COUNT(*) as record_count 
FROM warehouses
UNION ALL
SELECT 
    '供应商数据' as table_name, 
    COUNT(*) as record_count 
FROM suppliers
UNION ALL
SELECT 
    '产品类别数据' as table_name, 
    COUNT(*) as record_count 
FROM product_categories
UNION ALL
SELECT 
    '产品数据' as table_name, 
    COUNT(*) as record_count 
FROM products
UNION ALL
SELECT 
    '库存数据' as table_name, 
    COUNT(*) as record_count 
FROM inventory
UNION ALL
SELECT 
    '采购订单数据' as table_name, 
    COUNT(*) as record_count 
FROM purchase_orders
UNION ALL
SELECT 
    '销售订单数据' as table_name, 
    COUNT(*) as record_count 
FROM sales_orders
UNION ALL
SELECT 
    '库存变动数据' as table_name, 
    COUNT(*) as record_count 
FROM inventory_movements
UNION ALL
SELECT 
    '质量检验数据' as table_name, 
    COUNT(*) as record_count 
FROM quality_inspections
UNION ALL
SELECT 
    '环境监控数据' as table_name, 
    COUNT(*) as record_count 
FROM warehouse_environment
UNION ALL
SELECT 
    '性能指标数据' as table_name, 
    COUNT(*) as record_count 
FROM warehouse_performance;